/*
SQLyog Ultimate v12.08 (64 bit)
MySQL - 8.0.33 : Database - ruoyi
By - LiuZiqi
*********************************************************************
*/

/*!40101 SET NAMES utf8 */;

/*!40101 SET SQL_MODE=''*/;

/*!40014 SET @OLD_UNIQUE_CHECKS=@@UNIQUE_CHECKS, UNIQUE_CHECKS=0 */;
/*!40014 SET @OLD_FOREIGN_KEY_CHECKS=@@FOREIGN_KEY_CHECKS, FOREIGN_KEY_CHECKS=0 */;
/*!40101 SET @OLD_SQL_MODE=@@SQL_MODE, SQL_MODE='NO_AUTO_VALUE_ON_ZERO' */;
/*!40111 SET @OLD_SQL_NOTES=@@SQL_NOTES, SQL_NOTES=0 */;
CREATE DATABASE /*!32312 IF NOT EXISTS*/`ruoyi` /*!40100 DEFAULT CHARACTER SET utf8mb4 COLLATE utf8mb4_0900_ai_ci */ /*!80016 DEFAULT ENCRYPTION='N' */;

USE `ruoyi`;

/*Table structure for table `check_apply` */

DROP TABLE IF EXISTS `check_apply`;

CREATE TABLE `check_apply` (
  `id` int NOT NULL AUTO_INCREMENT COMMENT 'id',
  `register_id` int DEFAULT NULL COMMENT '病历号',
  `item_id` int DEFAULT NULL COMMENT '项目id',
  `item_name` varchar(100) DEFAULT NULL COMMENT '项目名称',
  `fee` decimal(8,2) DEFAULT NULL COMMENT '检查费用',
  `file_id` bigint DEFAULT NULL COMMENT '上传影像',
  `result` varchar(500) DEFAULT NULL COMMENT '检查结果',
  `STATUS` int DEFAULT NULL COMMENT '状态',
  `active` int DEFAULT '1' COMMENT '是否有效，1 有效，0 失效',
  `createtime` datetime DEFAULT CURRENT_TIMESTAMP COMMENT '创建时间',
  PRIMARY KEY (`id`)
) ENGINE=InnoDB AUTO_INCREMENT=5 DEFAULT CHARSET=utf8mb4 COLLATE=utf8mb4_0900_ai_ci COMMENT='检查申请';

/*Data for the table `check_apply` */

insert  into `check_apply`(`id`,`register_id`,`item_id`,`item_name`,`fee`,`file_id`,`result`,`STATUS`,`active`,`createtime`) values (1,5,2,'腹部超声检查','300.00',NULL,NULL,4,1,'2023-07-04 13:54:08'),(2,6,1,'CT平扫','200.00',1,'好',3,1,'2023-07-04 13:58:52'),(3,6,2,'腹部超声检查','300.00',2,'好',3,1,'2023-07-04 13:58:52'),(4,6,3,'PET/CT','10000.00',3,'好',3,1,'2023-07-04 13:58:52');

/*Table structure for table `check_item` */

DROP TABLE IF EXISTS `check_item`;

CREATE TABLE `check_item` (
  `id` int NOT NULL AUTO_INCREMENT COMMENT 'id',
  `NAME` varchar(100) DEFAULT NULL COMMENT '检查名称',
  `fee` decimal(8,2) DEFAULT NULL COMMENT '检查费用',
  `is_delete` int DEFAULT '0' COMMENT '是否有效，0 有效，1失效',
  `create_by` varchar(1000) DEFAULT NULL COMMENT '创建人',
  `create_time` datetime DEFAULT NULL COMMENT '创建时间',
  `update_by` varchar(100) DEFAULT NULL COMMENT '更新人',
  `update_time` datetime DEFAULT NULL COMMENT '更新时间',
  `remark` varchar(100) DEFAULT NULL COMMENT '备注',
  PRIMARY KEY (`id`)
) ENGINE=InnoDB AUTO_INCREMENT=4 DEFAULT CHARSET=utf8mb4 COLLATE=utf8mb4_0900_ai_ci COMMENT='检查项目';

/*Data for the table `check_item` */

insert  into `check_item`(`id`,`NAME`,`fee`,`is_delete`,`create_by`,`create_time`,`update_by`,`update_time`,`remark`) values (1,'CT平扫','200.00',0,'admin','2023-07-03 18:51:10',NULL,NULL,NULL),(2,'腹部超声检查','300.00',0,'admin','2023-07-03 18:52:36',NULL,NULL,NULL),(3,'PET/CT','10000.00',0,'admin','2023-07-03 18:52:38',NULL,NULL,NULL);

/*Table structure for table `gen_table` */

DROP TABLE IF EXISTS `gen_table`;

CREATE TABLE `gen_table` (
  `table_id` bigint NOT NULL AUTO_INCREMENT COMMENT '编号',
  `table_name` varchar(200) DEFAULT '' COMMENT '表名称',
  `table_comment` varchar(500) DEFAULT '' COMMENT '表描述',
  `sub_table_name` varchar(64) DEFAULT NULL COMMENT '关联子表的表名',
  `sub_table_fk_name` varchar(64) DEFAULT NULL COMMENT '子表关联的外键名',
  `class_name` varchar(100) DEFAULT '' COMMENT '实体类名称',
  `tpl_category` varchar(200) DEFAULT 'crud' COMMENT '使用的模板（crud单表操作 tree树表操作）',
  `package_name` varchar(100) DEFAULT NULL COMMENT '生成包路径',
  `module_name` varchar(30) DEFAULT NULL COMMENT '生成模块名',
  `business_name` varchar(30) DEFAULT NULL COMMENT '生成业务名',
  `function_name` varchar(50) DEFAULT NULL COMMENT '生成功能名',
  `function_author` varchar(50) DEFAULT NULL COMMENT '生成功能作者',
  `gen_type` char(1) DEFAULT '0' COMMENT '生成代码方式（0zip压缩包 1自定义路径）',
  `gen_path` varchar(200) DEFAULT '/' COMMENT '生成路径（不填默认项目路径）',
  `options` varchar(1000) DEFAULT NULL COMMENT '其它生成选项',
  `create_by` varchar(64) DEFAULT '' COMMENT '创建者',
  `create_time` datetime DEFAULT NULL COMMENT '创建时间',
  `update_by` varchar(64) DEFAULT '' COMMENT '更新者',
  `update_time` datetime DEFAULT NULL COMMENT '更新时间',
  `remark` varchar(500) DEFAULT NULL COMMENT '备注',
  PRIMARY KEY (`table_id`)
) ENGINE=InnoDB AUTO_INCREMENT=6 DEFAULT CHARSET=utf8mb4 COLLATE=utf8mb4_0900_ai_ci COMMENT='代码生成业务表';

/*Data for the table `gen_table` */

insert  into `gen_table`(`table_id`,`table_name`,`table_comment`,`sub_table_name`,`sub_table_fk_name`,`class_name`,`tpl_category`,`package_name`,`module_name`,`business_name`,`function_name`,`function_author`,`gen_type`,`gen_path`,`options`,`create_by`,`create_time`,`update_by`,`update_time`,`remark`) values (1,'registlevel','挂号级别',NULL,NULL,'Registlevel','crud','org.jshand.module.data','data','level','挂号级别','liu','0','/','{\"parentMenuId\":2000}','admin','2023-07-03 15:40:43','','2023-07-03 15:46:48',NULL),(2,'register','挂号',NULL,NULL,'Register','crud','org.jshand.module.register','register','manage','挂号','liu','0','/','{\"parentMenuId\":2008}','admin','2023-07-03 16:12:05','','2023-07-03 16:16:08',NULL),(3,'check_item','检查项目',NULL,NULL,'CheckItem','crud','org.jshand.module.data','data','check','检查','liu','0','/','{\"parentMenuId\":2000}','admin','2023-07-03 18:07:17','','2023-07-03 18:10:50',NULL),(4,'inspect_item','检验项目',NULL,NULL,'InspectItem','crud','org.jshand.module.data','data','inspect','检验','liu','0','/','{\"parentMenuId\":2000}','admin','2023-07-03 18:10:19','','2023-07-03 18:12:54',NULL),(5,'check_apply','检查申请',NULL,NULL,'CheckApply','crud','org.jshand.module.doctor','doctor','checkapply','检查申请','liu','0','/','{}','admin','2023-07-03 19:09:38','','2023-07-04 10:56:23',NULL);

/*Table structure for table `gen_table_column` */

DROP TABLE IF EXISTS `gen_table_column`;

CREATE TABLE `gen_table_column` (
  `column_id` bigint NOT NULL AUTO_INCREMENT COMMENT '编号',
  `table_id` varchar(64) DEFAULT NULL COMMENT '归属表编号',
  `column_name` varchar(200) DEFAULT NULL COMMENT '列名称',
  `column_comment` varchar(500) DEFAULT NULL COMMENT '列描述',
  `column_type` varchar(100) DEFAULT NULL COMMENT '列类型',
  `java_type` varchar(500) DEFAULT NULL COMMENT 'JAVA类型',
  `java_field` varchar(200) DEFAULT NULL COMMENT 'JAVA字段名',
  `is_pk` char(1) DEFAULT NULL COMMENT '是否主键（1是）',
  `is_increment` char(1) DEFAULT NULL COMMENT '是否自增（1是）',
  `is_required` char(1) DEFAULT NULL COMMENT '是否必填（1是）',
  `is_insert` char(1) DEFAULT NULL COMMENT '是否为插入字段（1是）',
  `is_edit` char(1) DEFAULT NULL COMMENT '是否编辑字段（1是）',
  `is_list` char(1) DEFAULT NULL COMMENT '是否列表字段（1是）',
  `is_query` char(1) DEFAULT NULL COMMENT '是否查询字段（1是）',
  `query_type` varchar(200) DEFAULT 'EQ' COMMENT '查询方式（等于、不等于、大于、小于、范围）',
  `html_type` varchar(200) DEFAULT NULL COMMENT '显示类型（文本框、文本域、下拉框、复选框、单选框、日期控件）',
  `dict_type` varchar(200) DEFAULT '' COMMENT '字典类型',
  `sort` int DEFAULT NULL COMMENT '排序',
  `create_by` varchar(64) DEFAULT '' COMMENT '创建者',
  `create_time` datetime DEFAULT NULL COMMENT '创建时间',
  `update_by` varchar(64) DEFAULT '' COMMENT '更新者',
  `update_time` datetime DEFAULT NULL COMMENT '更新时间',
  PRIMARY KEY (`column_id`)
) ENGINE=InnoDB AUTO_INCREMENT=68 DEFAULT CHARSET=utf8mb4 COLLATE=utf8mb4_0900_ai_ci COMMENT='代码生成业务表字段';

/*Data for the table `gen_table_column` */

insert  into `gen_table_column`(`column_id`,`table_id`,`column_name`,`column_comment`,`column_type`,`java_type`,`java_field`,`is_pk`,`is_increment`,`is_required`,`is_insert`,`is_edit`,`is_list`,`is_query`,`query_type`,`html_type`,`dict_type`,`sort`,`create_by`,`create_time`,`update_by`,`update_time`) values (1,'1','ID','ID主键','int','Long','id','1','1',NULL,'1',NULL,'1',NULL,'EQ','input','',1,'admin','2023-07-03 15:40:43','','2023-07-03 15:46:48'),(2,'1','RegistCode','号别编码','varchar(64)','String','registcode','0','0','1','1','1','1','1','EQ','input','',2,'admin','2023-07-03 15:40:43','','2023-07-03 15:46:48'),(3,'1','RegistName','号别名称','varchar(64)','String','registname','0','0','1','1','1','1','1','LIKE','input','',3,'admin','2023-07-03 15:40:43','','2023-07-03 15:46:48'),(4,'1','SequenceNo','显示顺序号','int','Long','sequenceno','0','0','1','1','1','1','1','EQ','input','',4,'admin','2023-07-03 15:40:43','','2023-07-03 15:46:48'),(5,'1','RegistFee','挂号费','decimal(8,2)','BigDecimal','registfee','0','0',NULL,'1','1','1','1','EQ','input','',5,'admin','2023-07-03 15:40:43','','2023-07-03 15:46:48'),(6,'1','RegistQuota','挂号限额','int','Long','registquota','0','0','1','1','1','1','1','EQ','input','',6,'admin','2023-07-03 15:40:43','','2023-07-03 15:46:48'),(7,'1','DelMark','删除标记','int','Long','delmark','0','0','1','1','1','1','0','EQ','input','',7,'admin','2023-07-03 15:40:43','','2023-07-03 15:46:48'),(8,'1','update_time',NULL,'datetime','Date','updateTime','0','0',NULL,'1','0',NULL,NULL,'EQ','datetime','',8,'admin','2023-07-03 15:40:43','','2023-07-03 15:46:48'),(9,'1','update_by',NULL,'varchar(100)','String','updateBy','0','0',NULL,'1','0',NULL,NULL,'EQ','input','',9,'admin','2023-07-03 15:40:43','','2023-07-03 15:46:48'),(10,'1','create_by',NULL,'varchar(100)','String','createBy','0','0',NULL,'1',NULL,NULL,NULL,'EQ','input','',10,'admin','2023-07-03 15:40:43','','2023-07-03 15:46:48'),(11,'1','create_time',NULL,'datetime','Date','createTime','0','0',NULL,'1',NULL,NULL,NULL,'EQ','datetime','',11,'admin','2023-07-03 15:40:43','','2023-07-03 15:46:48'),(12,'1','is_delete',NULL,'varchar(10)','String','isDelete','0','0',NULL,'1','1',NULL,NULL,'EQ','input','',12,'admin','2023-07-03 15:40:43','','2023-07-03 15:46:48'),(13,'1','remark',NULL,'varchar(1000)','String','remark','0','0',NULL,'1','1','1',NULL,'EQ','textarea','',13,'admin','2023-07-03 15:40:43','','2023-07-03 15:46:48'),(14,'2','id','id病历号','int','Long','id','1','1',NULL,'1',NULL,'1',NULL,'EQ','input','',1,'admin','2023-07-03 16:12:05','','2023-07-03 16:16:08'),(15,'2','NAME','姓名','varchar(100)','String','name','0','0',NULL,'1','1','1','1','LIKE','input','',2,'admin','2023-07-03 16:12:05','','2023-07-03 16:16:08'),(16,'2','gender','性别','int','Long','gender','0','0',NULL,'1','1','1','1','EQ','input','sys_user_sex',3,'admin','2023-07-03 16:12:05','','2023-07-03 16:16:08'),(17,'2','idno','身份证号','varchar(100)','String','idno','0','0',NULL,'1','1','0','1','EQ','input','',4,'admin','2023-07-03 16:12:05','','2023-07-03 16:16:08'),(18,'2','birthday','出生日期','date','Date','birthday','0','0',NULL,'1','1','0','1','EQ','datetime','',5,'admin','2023-07-03 16:12:05','','2023-07-03 16:16:08'),(19,'2','age','年龄','int','Long','age','0','0',NULL,'1','1','0','1','EQ','input','',6,'admin','2023-07-03 16:12:05','','2023-07-03 16:16:08'),(20,'2','address','家庭住址','varchar(200)','String','address','0','0',NULL,'1','1','0','1','EQ','input','',7,'admin','2023-07-03 16:12:05','','2023-07-03 16:16:08'),(21,'2','regsit_level_id','挂号级别','int','Long','regsitLevelId','0','0',NULL,'1','1','1','1','EQ','input','',8,'admin','2023-07-03 16:12:05','','2023-07-03 16:16:08'),(22,'2','dept_id','挂号科室','int','Long','deptId','0','0',NULL,'1','1','1','1','EQ','input','',9,'admin','2023-07-03 16:12:05','','2023-07-03 16:16:08'),(23,'2','doctor_id','看诊医生','int','Long','doctorId','0','0',NULL,'1','1','1','1','EQ','input','',10,'admin','2023-07-03 16:12:05','','2023-07-03 16:16:08'),(24,'2','book','是否要病历本','int','Long','book','0','0',NULL,'1','1','0','1','EQ','input','',11,'admin','2023-07-03 16:12:05','','2023-07-03 16:16:08'),(25,'2','visittime','看诊时间','date','Date','visittime','0','0',NULL,'1','1','1','1','EQ','datetime','',12,'admin','2023-07-03 16:12:05','','2023-07-03 16:16:08'),(26,'2','fee','挂号费用','decimal(8,2)','BigDecimal','fee','0','0',NULL,'1','1','1','1','EQ','input','',13,'admin','2023-07-03 16:12:05','','2023-07-03 16:16:08'),(27,'2','readme','主诉','varchar(500)','String','readme','0','0',NULL,'1','1','0','0','EQ','textarea','',14,'admin','2023-07-03 16:12:05','','2023-07-03 16:16:08'),(28,'2','present','现病史','varchar(500)','String','present','0','0',NULL,'1','1','0','0','EQ','textarea','',15,'admin','2023-07-03 16:12:05','','2023-07-03 16:16:08'),(29,'2','present_treat','现病史治疗情况','varchar(500)','String','presentTreat','0','0',NULL,'1','1','0','0','EQ','textarea','',16,'admin','2023-07-03 16:12:05','','2023-07-03 16:16:08'),(30,'2','history','既往史','varchar(500)','String','history','0','0',NULL,'1','1','0','0','EQ','textarea','',17,'admin','2023-07-03 16:12:05','','2023-07-03 16:16:08'),(31,'2','allergy','过敏史','varchar(500)','String','allergy','0','0',NULL,'1','1','0','0','EQ','textarea','',18,'admin','2023-07-03 16:12:05','','2023-07-03 16:16:08'),(32,'2','disease','确诊疾病','varchar(500)','String','disease','0','0',NULL,'1','1','0','0','EQ','textarea','',19,'admin','2023-07-03 16:12:05','','2023-07-03 16:16:08'),(33,'2','suit','处置方案','varchar(500)','String','suit','0','0',NULL,'1','1','0','0','EQ','textarea','',20,'admin','2023-07-03 16:12:05','','2023-07-03 16:16:08'),(34,'2','drug','药品清单','varchar(500)','String','drug','0','0',NULL,'1','1','0','0','EQ','textarea','',21,'admin','2023-07-03 16:12:05','','2023-07-03 16:16:08'),(35,'2','STATUS','状态','int','Long','status','0','0',NULL,'1','1','1','0','EQ','radio','',22,'admin','2023-07-03 16:12:05','','2023-07-03 16:16:08'),(36,'2','create_by','挂号员','varchar(1000)','String','createBy','0','0',NULL,'1',NULL,NULL,NULL,'EQ','textarea','',23,'admin','2023-07-03 16:12:05','','2023-07-03 16:16:08'),(37,'2','create_time','创建时间','datetime','Date','createTime','0','0',NULL,'1',NULL,NULL,NULL,'EQ','datetime','',24,'admin','2023-07-03 16:12:05','','2023-07-03 16:16:08'),(38,'2','update_by','更新人','varchar(100)','String','updateBy','0','0',NULL,'1','1',NULL,NULL,'EQ','input','',25,'admin','2023-07-03 16:12:05','','2023-07-03 16:16:08'),(39,'2','update_time','更新时间','datetime','Date','updateTime','0','0',NULL,'1','1',NULL,NULL,'EQ','datetime','',26,'admin','2023-07-03 16:12:05','','2023-07-03 16:16:08'),(40,'2','is_delete','是否有效，0 有效，1失效','int','Long','isDelete','0','0',NULL,'1','1',NULL,NULL,'EQ','input','',27,'admin','2023-07-03 16:12:05','','2023-07-03 16:16:08'),(41,'2','remark',NULL,'varchar(100)','String','remark','0','0',NULL,'1','1','0',NULL,'EQ','input','',28,'admin','2023-07-03 16:12:05','','2023-07-03 16:16:08'),(42,'3','id','id','int','Long','id','1','1',NULL,'1',NULL,'1',NULL,'EQ','input','',1,'admin','2023-07-03 18:07:17','','2023-07-03 18:10:50'),(43,'3','NAME','检查名称','varchar(100)','String','name','0','0',NULL,'1','1','1','1','LIKE','input','',2,'admin','2023-07-03 18:07:17','','2023-07-03 18:10:50'),(44,'3','fee','检查费用','decimal(8,2)','BigDecimal','fee','0','0',NULL,'1','1','1','1','EQ','input','',3,'admin','2023-07-03 18:07:17','','2023-07-03 18:10:50'),(45,'3','is_delete','是否有效，0 有效，1失效','int','Long','isDelete','0','0',NULL,'1','0',NULL,NULL,'EQ','input','',4,'admin','2023-07-03 18:07:17','','2023-07-03 18:10:50'),(46,'3','create_by','创建人','varchar(1000)','String','createBy','0','0',NULL,'1',NULL,NULL,NULL,'EQ','textarea','',5,'admin','2023-07-03 18:07:17','','2023-07-03 18:10:50'),(47,'3','create_time','创建时间','datetime','Date','createTime','0','0',NULL,'1',NULL,NULL,NULL,'EQ','datetime','',6,'admin','2023-07-03 18:07:17','','2023-07-03 18:10:50'),(48,'3','update_by','更新人','varchar(100)','String','updateBy','0','0',NULL,'1','1',NULL,NULL,'EQ','input','',7,'admin','2023-07-03 18:07:17','','2023-07-03 18:10:50'),(49,'3','update_time','更新时间','datetime','Date','updateTime','0','0',NULL,'1','1',NULL,NULL,'EQ','datetime','',8,'admin','2023-07-03 18:07:17','','2023-07-03 18:10:50'),(50,'3','remark','备注','varchar(100)','String','remark','0','0',NULL,'1','1','0',NULL,'EQ','input','',9,'admin','2023-07-03 18:07:17','','2023-07-03 18:10:50'),(51,'4','id','id','int','Long','id','1','1',NULL,'1',NULL,'1',NULL,'EQ','input','',1,'admin','2023-07-03 18:10:19','','2023-07-03 18:12:54'),(52,'4','NAME','检查名称','varchar(100)','String','name','0','0',NULL,'1','1','1','1','LIKE','input','',2,'admin','2023-07-03 18:10:19','','2023-07-03 18:12:54'),(53,'4','fee','检查费用','decimal(8,2)','BigDecimal','fee','0','0',NULL,'1','1','1','1','EQ','input','',3,'admin','2023-07-03 18:10:19','','2023-07-03 18:12:54'),(54,'4','is_delete','是否有效，0 有效，1失效','int','Long','isDelete','0','0',NULL,'1','1',NULL,NULL,'EQ','input','',4,'admin','2023-07-03 18:10:19','','2023-07-03 18:12:54'),(55,'4','create_by','创建人','varchar(1000)','String','createBy','0','0',NULL,'1',NULL,NULL,NULL,'EQ','textarea','',5,'admin','2023-07-03 18:10:19','','2023-07-03 18:12:54'),(56,'4','create_time','创建时间','datetime','Date','createTime','0','0',NULL,'1',NULL,NULL,NULL,'EQ','datetime','',6,'admin','2023-07-03 18:10:19','','2023-07-03 18:12:54'),(57,'4','update_by','更新人','varchar(100)','String','updateBy','0','0',NULL,'1','1',NULL,NULL,'EQ','input','',7,'admin','2023-07-03 18:10:19','','2023-07-03 18:12:54'),(58,'4','update_time','更新时间','datetime','Date','updateTime','0','0',NULL,'1','1',NULL,NULL,'EQ','datetime','',8,'admin','2023-07-03 18:10:19','','2023-07-03 18:12:54'),(59,'4','remark','备注','varchar(100)','String','remark','0','0',NULL,'1','1','0',NULL,'EQ','input','',9,'admin','2023-07-03 18:10:19','','2023-07-03 18:12:54'),(60,'5','id','id','int','Long','id','1','1',NULL,'1',NULL,NULL,NULL,'EQ','input','',1,'admin','2023-07-03 19:09:38','','2023-07-04 10:56:23'),(61,'5','register_id','病历号','int','Long','registerId','0','0',NULL,'1','1','0','0','EQ','input','',2,'admin','2023-07-03 19:09:38','','2023-07-04 10:56:23'),(62,'5','item_id','项目id','int','Long','itemId','0','0',NULL,'1','1','0','0','EQ','input','',3,'admin','2023-07-03 19:09:38','','2023-07-04 10:56:23'),(63,'5','item_name','项目名称','varchar(100)','String','itemName','0','0',NULL,'1','1','1','1','LIKE','input','',4,'admin','2023-07-03 19:09:38','','2023-07-04 10:56:23'),(64,'5','fee','检查费用','decimal(8,2)','BigDecimal','fee','0','0',NULL,'1','1','1','1','EQ','input','',5,'admin','2023-07-03 19:09:38','','2023-07-04 10:56:23'),(65,'5','STATUS','状态','int','Long','status','0','0',NULL,'1','1','1','0','EQ','radio','',6,'admin','2023-07-03 19:09:38','','2023-07-04 10:56:23'),(66,'5','active','是否有效，1 有效，0 失效','int','Long','active','0','0',NULL,'1','1','0','0','EQ','input','',7,'admin','2023-07-03 19:09:38','','2023-07-04 10:56:23'),(67,'5','createtime','创建时间','datetime','Date','createtime','0','0',NULL,'1','1','0','0','EQ','datetime','',8,'admin','2023-07-03 19:09:38','','2023-07-04 10:56:23');

/*Table structure for table `inspect_apply` */

DROP TABLE IF EXISTS `inspect_apply`;

CREATE TABLE `inspect_apply` (
  `id` int NOT NULL COMMENT 'id',
  `item_id` int DEFAULT NULL COMMENT '项目id',
  `item_name` varchar(100) DEFAULT NULL COMMENT '项目名称',
  `fee` decimal(8,2) DEFAULT NULL COMMENT '检查费用',
  `STATUS` int DEFAULT NULL COMMENT '状态',
  `register_id` int DEFAULT NULL COMMENT '病历号',
  `active` int DEFAULT '1' COMMENT '是否有效，1 有效，0 失效',
  `createtime` datetime DEFAULT CURRENT_TIMESTAMP COMMENT '创建时间',
  PRIMARY KEY (`id`)
) ENGINE=InnoDB DEFAULT CHARSET=utf8mb4 COLLATE=utf8mb4_0900_ai_ci COMMENT='检验申请';

/*Data for the table `inspect_apply` */

/*Table structure for table `inspect_item` */

DROP TABLE IF EXISTS `inspect_item`;

CREATE TABLE `inspect_item` (
  `id` int NOT NULL AUTO_INCREMENT COMMENT 'id',
  `NAME` varchar(100) DEFAULT NULL COMMENT '检查名称',
  `fee` decimal(8,2) DEFAULT NULL COMMENT '检查费用',
  `is_delete` int DEFAULT '0' COMMENT '是否有效，0 有效，1失效',
  `create_by` varchar(1000) DEFAULT NULL COMMENT '创建人',
  `create_time` datetime DEFAULT NULL COMMENT '创建时间',
  `update_by` varchar(100) DEFAULT NULL COMMENT '更新人',
  `update_time` datetime DEFAULT NULL COMMENT '更新时间',
  `remark` varchar(100) DEFAULT NULL COMMENT '备注',
  PRIMARY KEY (`id`)
) ENGINE=InnoDB AUTO_INCREMENT=3 DEFAULT CHARSET=utf8mb4 COLLATE=utf8mb4_0900_ai_ci COMMENT='检验项目';

/*Data for the table `inspect_item` */

insert  into `inspect_item`(`id`,`NAME`,`fee`,`is_delete`,`create_by`,`create_time`,`update_by`,`update_time`,`remark`) values (1,'血常规','80.00',0,'admin','2023-07-03 19:02:54',NULL,NULL,NULL),(2,'肝肾功能','180.00',0,'admin','2023-07-03 19:03:08',NULL,NULL,NULL);

/*Table structure for table `register` */

DROP TABLE IF EXISTS `register`;

CREATE TABLE `register` (
  `id` int NOT NULL AUTO_INCREMENT COMMENT 'id病历号',
  `NAME` varchar(100) DEFAULT NULL COMMENT '姓名',
  `gender` int DEFAULT NULL COMMENT '性别',
  `idno` varchar(100) DEFAULT NULL COMMENT '身份证号',
  `birthday` date DEFAULT NULL COMMENT '出生日期',
  `age` int DEFAULT NULL COMMENT '年龄',
  `address` varchar(200) DEFAULT NULL COMMENT '家庭住址',
  `regsit_level_id` int DEFAULT NULL COMMENT '挂号级别',
  `dept_id` int DEFAULT NULL COMMENT '挂号科室',
  `doctor_id` int DEFAULT NULL COMMENT '看诊医生',
  `book` varchar(5) DEFAULT NULL COMMENT '是否要病历本 Y 是，N否',
  `visittime` date DEFAULT NULL COMMENT '看诊时间',
  `fee` decimal(8,2) DEFAULT NULL COMMENT '挂号费用',
  `readme` varchar(500) DEFAULT NULL COMMENT '主诉',
  `present` varchar(500) DEFAULT NULL COMMENT '现病史',
  `present_treat` varchar(500) DEFAULT NULL COMMENT '现病史治疗情况',
  `history` varchar(500) DEFAULT NULL COMMENT '既往史',
  `allergy` varchar(500) DEFAULT NULL COMMENT '过敏史',
  `disease` varchar(500) DEFAULT NULL COMMENT '确诊疾病',
  `suit` varchar(500) DEFAULT NULL COMMENT '处置方案',
  `drug` varchar(500) DEFAULT NULL COMMENT '药品清单',
  `STATUS` int DEFAULT NULL COMMENT '状态',
  `create_by` varchar(1000) DEFAULT NULL COMMENT '挂号员',
  `create_time` datetime DEFAULT NULL COMMENT '创建时间',
  `update_by` varchar(100) DEFAULT NULL COMMENT '更新人',
  `update_time` datetime DEFAULT NULL COMMENT '更新时间',
  `is_delete` int DEFAULT '0' COMMENT '是否有效，0 有效，1失效',
  `remark` varchar(100) DEFAULT NULL,
  PRIMARY KEY (`id`)
) ENGINE=InnoDB AUTO_INCREMENT=7 DEFAULT CHARSET=utf8mb4 COLLATE=utf8mb4_0900_ai_ci COMMENT='诊疗信息';

/*Data for the table `register` */

insert  into `register`(`id`,`NAME`,`gender`,`idno`,`birthday`,`age`,`address`,`regsit_level_id`,`dept_id`,`doctor_id`,`book`,`visittime`,`fee`,`readme`,`present`,`present_treat`,`history`,`allergy`,`disease`,`suit`,`drug`,`STATUS`,`create_by`,`create_time`,`update_by`,`update_time`,`is_delete`,`remark`) values (1,'1',NULL,NULL,NULL,15,NULL,NULL,102,101,NULL,NULL,NULL,NULL,NULL,NULL,NULL,NULL,NULL,NULL,NULL,4,'admin','2023-07-03 16:29:05','admin','2023-07-04 13:20:16',0,NULL),(2,'离',NULL,NULL,NULL,16,NULL,NULL,102,101,NULL,NULL,NULL,NULL,NULL,NULL,NULL,NULL,NULL,NULL,NULL,2,'admin','2023-07-03 16:29:31','admin','2023-07-04 08:33:53',0,NULL),(3,'赵高',NULL,NULL,NULL,NULL,NULL,NULL,102,102,NULL,NULL,NULL,NULL,NULL,NULL,NULL,NULL,NULL,NULL,NULL,4,NULL,NULL,'admin','2023-07-04 13:20:49',0,NULL),(4,'吴',1,'123',NULL,NULL,NULL,NULL,101,101,'1',NULL,NULL,'f','f','f',NULL,NULL,NULL,NULL,NULL,3,'admin','2023-07-04 10:33:33','sunsimiao','2023-07-04 13:28:06',0,NULL),(5,'刘',0,NULL,NULL,18,NULL,1,102,101,'Y',NULL,'51.00','f','f',NULL,'s','dfsaddfasdfasdf','f','s','s',3,'admin','2023-07-04 13:50:17','sunsimiao','2023-07-04 13:53:44',0,NULL),(6,'王',1,NULL,NULL,20,NULL,2,102,102,'N',NULL,'8.00',NULL,NULL,NULL,NULL,NULL,NULL,NULL,NULL,4,'admin','2023-07-04 13:50:39','bianque','2023-07-04 14:02:03',0,NULL);

/*Table structure for table `registlevel` */

DROP TABLE IF EXISTS `registlevel`;

CREATE TABLE `registlevel` (
  `ID` int NOT NULL AUTO_INCREMENT COMMENT 'ID主键',
  `RegistCode` varchar(64) NOT NULL COMMENT '号别编码',
  `RegistName` varchar(64) NOT NULL COMMENT '号别名称',
  `SequenceNo` int NOT NULL COMMENT '显示顺序号',
  `RegistFee` decimal(8,2) DEFAULT NULL COMMENT '挂号费',
  `RegistQuota` int NOT NULL COMMENT '挂号限额',
  `DelMark` int NOT NULL DEFAULT '1' COMMENT '删除标记',
  `update_time` datetime DEFAULT NULL,
  `update_by` varchar(100) DEFAULT NULL,
  `create_by` varchar(100) DEFAULT NULL,
  `create_time` datetime DEFAULT NULL,
  `is_delete` int DEFAULT '0',
  `remark` varchar(1000) DEFAULT NULL,
  PRIMARY KEY (`ID`)
) ENGINE=InnoDB AUTO_INCREMENT=3 DEFAULT CHARSET=utf8mb3;

/*Data for the table `registlevel` */

insert  into `registlevel`(`ID`,`RegistCode`,`RegistName`,`SequenceNo`,`RegistFee`,`RegistQuota`,`DelMark`,`update_time`,`update_by`,`create_by`,`create_time`,`is_delete`,`remark`) values (1,'zjh','专家号',1,'50.00',20,1,NULL,NULL,NULL,NULL,0,NULL),(2,'pth','普通号',2,'8.00',30,1,NULL,NULL,NULL,NULL,0,NULL);

/*Table structure for table `sys_config` */

DROP TABLE IF EXISTS `sys_config`;

CREATE TABLE `sys_config` (
  `config_id` int NOT NULL AUTO_INCREMENT COMMENT '参数主键',
  `config_name` varchar(100) DEFAULT '' COMMENT '参数名称',
  `config_key` varchar(100) DEFAULT '' COMMENT '参数键名',
  `config_value` varchar(500) DEFAULT '' COMMENT '参数键值',
  `config_type` char(1) DEFAULT 'N' COMMENT '系统内置（Y是 N否）',
  `create_by` varchar(64) DEFAULT '' COMMENT '创建者',
  `create_time` datetime DEFAULT NULL COMMENT '创建时间',
  `update_by` varchar(64) DEFAULT '' COMMENT '更新者',
  `update_time` datetime DEFAULT NULL COMMENT '更新时间',
  `remark` varchar(500) DEFAULT NULL COMMENT '备注',
  PRIMARY KEY (`config_id`)
) ENGINE=InnoDB AUTO_INCREMENT=100 DEFAULT CHARSET=utf8mb4 COLLATE=utf8mb4_0900_ai_ci COMMENT='参数配置表';

/*Data for the table `sys_config` */

insert  into `sys_config`(`config_id`,`config_name`,`config_key`,`config_value`,`config_type`,`create_by`,`create_time`,`update_by`,`update_time`,`remark`) values (1,'主框架页-默认皮肤样式名称','sys.index.skinName','skin-blue','Y','admin','2023-07-03 15:00:58','',NULL,'蓝色 skin-blue、绿色 skin-green、紫色 skin-purple、红色 skin-red、黄色 skin-yellow'),(2,'用户管理-账号初始密码','sys.user.initPassword','123456','Y','admin','2023-07-03 15:00:58','',NULL,'初始化密码 123456'),(3,'主框架页-侧边栏主题','sys.index.sideTheme','theme-dark','Y','admin','2023-07-03 15:00:58','',NULL,'深色主题theme-dark，浅色主题theme-light'),(4,'账号自助-验证码开关','sys.account.captchaEnabled','true','Y','admin','2023-07-03 15:00:58','',NULL,'是否开启验证码功能（true开启，false关闭）'),(5,'账号自助-是否开启用户注册功能','sys.account.registerUser','false','Y','admin','2023-07-03 15:00:58','',NULL,'是否开启注册用户功能（true开启，false关闭）'),(6,'用户登录-黑名单列表','sys.login.blackIPList','','Y','admin','2023-07-03 15:00:58','',NULL,'设置登录IP黑名单限制，多个匹配项以;分隔，支持匹配（*通配、网段）');

/*Table structure for table `sys_dept` */

DROP TABLE IF EXISTS `sys_dept`;

CREATE TABLE `sys_dept` (
  `dept_id` bigint NOT NULL AUTO_INCREMENT COMMENT '部门id',
  `parent_id` bigint DEFAULT '0' COMMENT '父部门id',
  `ancestors` varchar(50) DEFAULT '' COMMENT '祖级列表',
  `dept_name` varchar(30) DEFAULT '' COMMENT '部门名称',
  `order_num` int DEFAULT '0' COMMENT '显示顺序',
  `leader` varchar(20) DEFAULT NULL COMMENT '负责人',
  `phone` varchar(11) DEFAULT NULL COMMENT '联系电话',
  `email` varchar(50) DEFAULT NULL COMMENT '邮箱',
  `status` char(1) DEFAULT '0' COMMENT '部门状态（0正常 1停用）',
  `del_flag` char(1) DEFAULT '0' COMMENT '删除标志（0代表存在 2代表删除）',
  `create_by` varchar(64) DEFAULT '' COMMENT '创建者',
  `create_time` datetime DEFAULT NULL COMMENT '创建时间',
  `update_by` varchar(64) DEFAULT '' COMMENT '更新者',
  `update_time` datetime DEFAULT NULL COMMENT '更新时间',
  `category_id` int DEFAULT NULL COMMENT '科室分类',
  `type` int DEFAULT NULL COMMENT '科室类型',
  `code` varchar(100) DEFAULT NULL COMMENT '科室编码',
  PRIMARY KEY (`dept_id`)
) ENGINE=InnoDB AUTO_INCREMENT=200 DEFAULT CHARSET=utf8mb4 COLLATE=utf8mb4_0900_ai_ci COMMENT='部门表';

/*Data for the table `sys_dept` */

insert  into `sys_dept`(`dept_id`,`parent_id`,`ancestors`,`dept_name`,`order_num`,`leader`,`phone`,`email`,`status`,`del_flag`,`create_by`,`create_time`,`update_by`,`update_time`,`category_id`,`type`,`code`) values (100,0,'0','东软医院',0,'若依','15888888888','ry@qq.com','0','0','admin','2023-07-03 15:00:27','',NULL,NULL,NULL,NULL),(101,100,'0,100','消化科',1,'若依','15888888888','ry@qq.com','0','0','admin','2023-07-03 15:00:27','',NULL,NULL,NULL,NULL),(102,100,'0,100','心内科',2,'若依','15888888888','ry@qq.com','0','0','admin','2023-07-03 15:00:27','',NULL,NULL,NULL,NULL),(103,101,'0,100,101','研发部门',1,'若依','15888888888','ry@qq.com','0','0','admin','2023-07-03 15:00:27','',NULL,NULL,NULL,NULL),(104,101,'0,100,101','市场部门',2,'若依','15888888888','ry@qq.com','0','0','admin','2023-07-03 15:00:27','',NULL,NULL,NULL,NULL),(105,101,'0,100,101','测试部门',3,'若依','15888888888','ry@qq.com','0','0','admin','2023-07-03 15:00:27','',NULL,NULL,NULL,NULL),(106,101,'0,100,101','财务部门',4,'若依','15888888888','ry@qq.com','0','0','admin','2023-07-03 15:00:27','',NULL,NULL,NULL,NULL),(107,101,'0,100,101','运维部门',5,'若依','15888888888','ry@qq.com','0','0','admin','2023-07-03 15:00:27','',NULL,NULL,NULL,NULL),(108,102,'0,100,102','市场部门',1,'若依','15888888888','ry@qq.com','0','0','admin','2023-07-03 15:00:27','',NULL,NULL,NULL,NULL),(109,102,'0,100,102','财务部门',2,'若依','15888888888','ry@qq.com','0','0','admin','2023-07-03 15:00:27','',NULL,NULL,NULL,NULL);

/*Table structure for table `sys_dict_data` */

DROP TABLE IF EXISTS `sys_dict_data`;

CREATE TABLE `sys_dict_data` (
  `dict_code` bigint NOT NULL AUTO_INCREMENT COMMENT '字典编码',
  `dict_sort` int DEFAULT '0' COMMENT '字典排序',
  `dict_label` varchar(100) DEFAULT '' COMMENT '字典标签',
  `dict_value` varchar(100) DEFAULT '' COMMENT '字典键值',
  `dict_type` varchar(100) DEFAULT '' COMMENT '字典类型',
  `css_class` varchar(100) DEFAULT NULL COMMENT '样式属性（其他样式扩展）',
  `list_class` varchar(100) DEFAULT NULL COMMENT '表格回显样式',
  `is_default` char(1) DEFAULT 'N' COMMENT '是否默认（Y是 N否）',
  `status` char(1) DEFAULT '0' COMMENT '状态（0正常 1停用）',
  `create_by` varchar(64) DEFAULT '' COMMENT '创建者',
  `create_time` datetime DEFAULT NULL COMMENT '创建时间',
  `update_by` varchar(64) DEFAULT '' COMMENT '更新者',
  `update_time` datetime DEFAULT NULL COMMENT '更新时间',
  `remark` varchar(500) DEFAULT NULL COMMENT '备注',
  PRIMARY KEY (`dict_code`)
) ENGINE=InnoDB AUTO_INCREMENT=103 DEFAULT CHARSET=utf8mb4 COLLATE=utf8mb4_0900_ai_ci COMMENT='字典数据表';

/*Data for the table `sys_dict_data` */

insert  into `sys_dict_data`(`dict_code`,`dict_sort`,`dict_label`,`dict_value`,`dict_type`,`css_class`,`list_class`,`is_default`,`status`,`create_by`,`create_time`,`update_by`,`update_time`,`remark`) values (1,1,'男','0','sys_user_sex','','','Y','0','admin','2023-07-03 15:00:55','',NULL,'性别男'),(2,2,'女','1','sys_user_sex','','','N','0','admin','2023-07-03 15:00:55','',NULL,'性别女'),(3,3,'未知','2','sys_user_sex','','','N','0','admin','2023-07-03 15:00:55','',NULL,'性别未知'),(4,1,'显示','0','sys_show_hide','','primary','Y','0','admin','2023-07-03 15:00:55','',NULL,'显示菜单'),(5,2,'隐藏','1','sys_show_hide','','danger','N','0','admin','2023-07-03 15:00:55','',NULL,'隐藏菜单'),(6,1,'正常','0','sys_normal_disable','','primary','Y','0','admin','2023-07-03 15:00:55','',NULL,'正常状态'),(7,2,'停用','1','sys_normal_disable','','danger','N','0','admin','2023-07-03 15:00:55','',NULL,'停用状态'),(8,1,'正常','0','sys_job_status','','primary','Y','0','admin','2023-07-03 15:00:55','',NULL,'正常状态'),(9,2,'暂停','1','sys_job_status','','danger','N','0','admin','2023-07-03 15:00:55','',NULL,'停用状态'),(10,1,'默认','DEFAULT','sys_job_group','','','Y','0','admin','2023-07-03 15:00:55','',NULL,'默认分组'),(11,2,'系统','SYSTEM','sys_job_group','','','N','0','admin','2023-07-03 15:00:55','',NULL,'系统分组'),(12,1,'是','Y','sys_yes_no','','primary','Y','0','admin','2023-07-03 15:00:55','',NULL,'系统默认是'),(13,2,'否','N','sys_yes_no','','danger','N','0','admin','2023-07-03 15:00:55','',NULL,'系统默认否'),(14,1,'通知','1','sys_notice_type','','warning','Y','0','admin','2023-07-03 15:00:55','',NULL,'通知'),(15,2,'公告','2','sys_notice_type','','success','N','0','admin','2023-07-03 15:00:55','',NULL,'公告'),(16,1,'正常','0','sys_notice_status','','primary','Y','0','admin','2023-07-03 15:00:55','',NULL,'正常状态'),(17,2,'关闭','1','sys_notice_status','','danger','N','0','admin','2023-07-03 15:00:55','',NULL,'关闭状态'),(18,99,'其他','0','sys_oper_type','','info','N','0','admin','2023-07-03 15:00:55','',NULL,'其他操作'),(19,1,'新增','1','sys_oper_type','','info','N','0','admin','2023-07-03 15:00:55','',NULL,'新增操作'),(20,2,'修改','2','sys_oper_type','','info','N','0','admin','2023-07-03 15:00:55','',NULL,'修改操作'),(21,3,'删除','3','sys_oper_type','','danger','N','0','admin','2023-07-03 15:00:55','',NULL,'删除操作'),(22,4,'授权','4','sys_oper_type','','primary','N','0','admin','2023-07-03 15:00:55','',NULL,'授权操作'),(23,5,'导出','5','sys_oper_type','','warning','N','0','admin','2023-07-03 15:00:55','',NULL,'导出操作'),(24,6,'导入','6','sys_oper_type','','warning','N','0','admin','2023-07-03 15:00:55','',NULL,'导入操作'),(25,7,'强退','7','sys_oper_type','','danger','N','0','admin','2023-07-03 15:00:55','',NULL,'强退操作'),(26,8,'生成代码','8','sys_oper_type','','warning','N','0','admin','2023-07-03 15:00:55','',NULL,'生成操作'),(27,9,'清空数据','9','sys_oper_type','','danger','N','0','admin','2023-07-03 15:00:55','',NULL,'清空操作'),(28,1,'成功','0','sys_common_status','','primary','N','0','admin','2023-07-03 15:00:55','',NULL,'正常状态'),(29,2,'失败','1','sys_common_status','','danger','N','0','admin','2023-07-03 15:00:55','',NULL,'停用状态'),(100,0,'待诊','1','sys_s',NULL,'success','N','0','admin','2023-07-03 16:52:32','',NULL,NULL),(101,1,'已接诊','2','sys_s',NULL,'warning','N','0','admin','2023-07-03 16:52:48','',NULL,NULL),(102,2,'退号','3','sys_s',NULL,'danger','N','0','admin','2023-07-03 16:53:02','',NULL,NULL);

/*Table structure for table `sys_dict_type` */

DROP TABLE IF EXISTS `sys_dict_type`;

CREATE TABLE `sys_dict_type` (
  `dict_id` bigint NOT NULL AUTO_INCREMENT COMMENT '字典主键',
  `dict_name` varchar(100) DEFAULT '' COMMENT '字典名称',
  `dict_type` varchar(100) DEFAULT '' COMMENT '字典类型',
  `status` char(1) DEFAULT '0' COMMENT '状态（0正常 1停用）',
  `create_by` varchar(64) DEFAULT '' COMMENT '创建者',
  `create_time` datetime DEFAULT NULL COMMENT '创建时间',
  `update_by` varchar(64) DEFAULT '' COMMENT '更新者',
  `update_time` datetime DEFAULT NULL COMMENT '更新时间',
  `remark` varchar(500) DEFAULT NULL COMMENT '备注',
  PRIMARY KEY (`dict_id`),
  UNIQUE KEY `dict_type` (`dict_type`)
) ENGINE=InnoDB AUTO_INCREMENT=101 DEFAULT CHARSET=utf8mb4 COLLATE=utf8mb4_0900_ai_ci COMMENT='字典类型表';

/*Data for the table `sys_dict_type` */

insert  into `sys_dict_type`(`dict_id`,`dict_name`,`dict_type`,`status`,`create_by`,`create_time`,`update_by`,`update_time`,`remark`) values (1,'用户性别','sys_user_sex','0','admin','2023-07-03 15:00:52','',NULL,'用户性别列表'),(2,'菜单状态','sys_show_hide','0','admin','2023-07-03 15:00:52','',NULL,'菜单状态列表'),(3,'系统开关','sys_normal_disable','0','admin','2023-07-03 15:00:52','',NULL,'系统开关列表'),(4,'任务状态','sys_job_status','0','admin','2023-07-03 15:00:52','',NULL,'任务状态列表'),(5,'任务分组','sys_job_group','0','admin','2023-07-03 15:00:53','',NULL,'任务分组列表'),(6,'系统是否','sys_yes_no','0','admin','2023-07-03 15:00:53','',NULL,'系统是否列表'),(7,'通知类型','sys_notice_type','0','admin','2023-07-03 15:00:53','',NULL,'通知类型列表'),(8,'通知状态','sys_notice_status','0','admin','2023-07-03 15:00:53','',NULL,'通知状态列表'),(9,'操作类型','sys_oper_type','0','admin','2023-07-03 15:00:53','',NULL,'操作类型列表'),(10,'系统状态','sys_common_status','0','admin','2023-07-03 15:00:53','',NULL,'登录状态列表'),(100,'状态','sys_s','0','admin','2023-07-03 16:48:38','',NULL,NULL);

/*Table structure for table `sys_file_info` */

DROP TABLE IF EXISTS `sys_file_info`;

CREATE TABLE `sys_file_info` (
  `file_id` bigint NOT NULL AUTO_INCREMENT COMMENT '文件id',
  `file_name` varchar(50) DEFAULT '' COMMENT '文件名称',
  `org_name` varchar(50) DEFAULT '' COMMENT '原始文件名字',
  `file_path` varchar(255) DEFAULT '' COMMENT '文件路径',
  `ip` varchar(20) DEFAULT NULL COMMENT '上传的IP地址',
  `create_by` varchar(500) DEFAULT NULL COMMENT '上传用户',
  `create_time` date DEFAULT NULL COMMENT '上传时间',
  PRIMARY KEY (`file_id`)
) ENGINE=InnoDB AUTO_INCREMENT=4 DEFAULT CHARSET=utf8mb4 COLLATE=utf8mb4_0900_ai_ci COMMENT='文件信息表';

/*Data for the table `sys_file_info` */

insert  into `sys_file_info`(`file_id`,`file_name`,`org_name`,`file_path`,`ip`,`create_by`,`create_time`) values (1,'','','','127.0.0.1','yiji','2023-07-04'),(2,'','','','127.0.0.1','yiji','2023-07-04'),(3,'','','','127.0.0.1','yiji','2023-07-04');

/*Table structure for table `sys_job` */

DROP TABLE IF EXISTS `sys_job`;

CREATE TABLE `sys_job` (
  `job_id` bigint NOT NULL AUTO_INCREMENT COMMENT '任务ID',
  `job_name` varchar(64) NOT NULL DEFAULT '' COMMENT '任务名称',
  `job_group` varchar(64) NOT NULL DEFAULT 'DEFAULT' COMMENT '任务组名',
  `invoke_target` varchar(500) NOT NULL COMMENT '调用目标字符串',
  `cron_expression` varchar(255) DEFAULT '' COMMENT 'cron执行表达式',
  `misfire_policy` varchar(20) DEFAULT '3' COMMENT '计划执行错误策略（1立即执行 2执行一次 3放弃执行）',
  `concurrent` char(1) DEFAULT '1' COMMENT '是否并发执行（0允许 1禁止）',
  `status` char(1) DEFAULT '0' COMMENT '状态（0正常 1暂停）',
  `create_by` varchar(64) DEFAULT '' COMMENT '创建者',
  `create_time` datetime DEFAULT NULL COMMENT '创建时间',
  `update_by` varchar(64) DEFAULT '' COMMENT '更新者',
  `update_time` datetime DEFAULT NULL COMMENT '更新时间',
  `remark` varchar(500) DEFAULT '' COMMENT '备注信息',
  PRIMARY KEY (`job_id`,`job_name`,`job_group`)
) ENGINE=InnoDB AUTO_INCREMENT=100 DEFAULT CHARSET=utf8mb4 COLLATE=utf8mb4_0900_ai_ci COMMENT='定时任务调度表';

/*Data for the table `sys_job` */

insert  into `sys_job`(`job_id`,`job_name`,`job_group`,`invoke_target`,`cron_expression`,`misfire_policy`,`concurrent`,`status`,`create_by`,`create_time`,`update_by`,`update_time`,`remark`) values (1,'系统默认（无参）','DEFAULT','ryTask.ryNoParams','0/10 * * * * ?','3','1','1','admin','2023-07-03 15:01:02','',NULL,''),(2,'系统默认（有参）','DEFAULT','ryTask.ryParams(\'ry\')','0/15 * * * * ?','3','1','1','admin','2023-07-03 15:01:02','',NULL,''),(3,'系统默认（多参）','DEFAULT','ryTask.ryMultipleParams(\'ry\', true, 2000L, 316.50D, 100)','0/20 * * * * ?','3','1','1','admin','2023-07-03 15:01:02','',NULL,'');

/*Table structure for table `sys_job_log` */

DROP TABLE IF EXISTS `sys_job_log`;

CREATE TABLE `sys_job_log` (
  `job_log_id` bigint NOT NULL AUTO_INCREMENT COMMENT '任务日志ID',
  `job_name` varchar(64) NOT NULL COMMENT '任务名称',
  `job_group` varchar(64) NOT NULL COMMENT '任务组名',
  `invoke_target` varchar(500) NOT NULL COMMENT '调用目标字符串',
  `job_message` varchar(500) DEFAULT NULL COMMENT '日志信息',
  `status` char(1) DEFAULT '0' COMMENT '执行状态（0正常 1失败）',
  `exception_info` varchar(2000) DEFAULT '' COMMENT '异常信息',
  `create_time` datetime DEFAULT NULL COMMENT '创建时间',
  PRIMARY KEY (`job_log_id`)
) ENGINE=InnoDB DEFAULT CHARSET=utf8mb4 COLLATE=utf8mb4_0900_ai_ci COMMENT='定时任务调度日志表';

/*Data for the table `sys_job_log` */

/*Table structure for table `sys_logininfor` */

DROP TABLE IF EXISTS `sys_logininfor`;

CREATE TABLE `sys_logininfor` (
  `info_id` bigint NOT NULL AUTO_INCREMENT COMMENT '访问ID',
  `user_name` varchar(50) DEFAULT '' COMMENT '用户账号',
  `ipaddr` varchar(128) DEFAULT '' COMMENT '登录IP地址',
  `login_location` varchar(255) DEFAULT '' COMMENT '登录地点',
  `browser` varchar(50) DEFAULT '' COMMENT '浏览器类型',
  `os` varchar(50) DEFAULT '' COMMENT '操作系统',
  `status` char(1) DEFAULT '0' COMMENT '登录状态（0成功 1失败）',
  `msg` varchar(255) DEFAULT '' COMMENT '提示消息',
  `login_time` datetime DEFAULT NULL COMMENT '访问时间',
  PRIMARY KEY (`info_id`),
  KEY `idx_sys_logininfor_s` (`status`),
  KEY `idx_sys_logininfor_lt` (`login_time`)
) ENGINE=InnoDB AUTO_INCREMENT=174 DEFAULT CHARSET=utf8mb4 COLLATE=utf8mb4_0900_ai_ci COMMENT='系统访问记录';

/*Data for the table `sys_logininfor` */

insert  into `sys_logininfor`(`info_id`,`user_name`,`ipaddr`,`login_location`,`browser`,`os`,`status`,`msg`,`login_time`) values (100,'admin','127.0.0.1','内网IP','Chrome 11','Windows 10','0','退出成功','2023-07-03 16:11:11'),(101,'bianque','127.0.0.1','内网IP','Chrome 11','Windows 10','0','登录成功','2023-07-03 16:11:21'),(102,'bianque','127.0.0.1','内网IP','Chrome 11','Windows 10','0','退出成功','2023-07-03 16:11:30'),(103,'admin','127.0.0.1','内网IP','Chrome 11','Windows 10','0','登录成功','2023-07-03 16:11:39'),(104,'admin','127.0.0.1','内网IP','Chrome 11','Windows 10','0','退出成功','2023-07-03 17:00:35'),(105,'huatuo','127.0.0.1','内网IP','Chrome 11','Windows 10','0','登录成功','2023-07-03 17:00:46'),(106,'huatuo','127.0.0.1','内网IP','Chrome 11','Windows 10','0','退出成功','2023-07-03 17:00:54'),(107,'bianque','127.0.0.1','内网IP','Chrome 11','Windows 10','0','登录成功','2023-07-03 17:01:05'),(108,'bianque','127.0.0.1','内网IP','Chrome 11','Windows 10','0','退出成功','2023-07-03 17:01:17'),(109,'admin','127.0.0.1','内网IP','Chrome 11','Windows 10','0','登录成功','2023-07-03 17:01:26'),(110,'admin','127.0.0.1','内网IP','Chrome 11','Windows 10','0','登录成功','2023-07-03 18:43:46'),(111,'admin','127.0.0.1','内网IP','Chrome 11','Windows 10','0','登录成功','2023-07-04 08:26:41'),(112,'admin','127.0.0.1','内网IP','Chrome 11','Windows 10','0','退出成功','2023-07-04 10:15:13'),(113,'sunsimiao','127.0.0.1','内网IP','Chrome 11','Windows 10','0','登录成功','2023-07-04 10:15:21'),(114,'sunsimiao','127.0.0.1','内网IP','Chrome 11','Windows 10','0','退出成功','2023-07-04 10:15:40'),(115,'admin','127.0.0.1','内网IP','Chrome 11','Windows 10','0','登录成功','2023-07-04 10:15:52'),(116,'admin','127.0.0.1','内网IP','Chrome 11','Windows 10','0','退出成功','2023-07-04 10:17:50'),(117,'sunsimiao','127.0.0.1','内网IP','Chrome 11','Windows 10','0','登录成功','2023-07-04 10:18:08'),(118,'sunsimiao','127.0.0.1','内网IP','Chrome 11','Windows 10','0','退出成功','2023-07-04 10:29:01'),(119,'sunsimiao','127.0.0.1','内网IP','Chrome 11','Windows 10','0','登录成功','2023-07-04 10:29:06'),(120,'sunsimiao','127.0.0.1','内网IP','Chrome 11','Windows 10','0','退出成功','2023-07-04 10:29:11'),(121,'admin','127.0.0.1','内网IP','Chrome 11','Windows 10','0','登录成功','2023-07-04 10:29:18'),(122,'admin','127.0.0.1','内网IP','Chrome 11','Windows 10','0','登录成功','2023-07-04 12:14:35'),(123,'admin','127.0.0.1','内网IP','Chrome 11','Windows 10','0','登录成功','2023-07-04 13:10:16'),(124,'admin','127.0.0.1','内网IP','Chrome 11','Windows 10','0','退出成功','2023-07-04 13:27:29'),(125,'bianque','127.0.0.1','内网IP','Chrome 11','Windows 10','0','登录成功','2023-07-04 13:27:37'),(126,'bianque','127.0.0.1','内网IP','Chrome 11','Windows 10','0','退出成功','2023-07-04 13:27:46'),(127,'sunsimiao','127.0.0.1','内网IP','Chrome 11','Windows 10','0','登录成功','2023-07-04 13:27:53'),(128,'sunsimiao','127.0.0.1','内网IP','Chrome 11','Windows 10','0','退出成功','2023-07-04 13:28:19'),(129,'admin','127.0.0.1','内网IP','Chrome 11','Windows 10','0','登录成功','2023-07-04 13:28:27'),(130,'admin','127.0.0.1','内网IP','Chrome 11','Windows 10','0','退出成功','2023-07-04 13:33:55'),(131,'yiji','127.0.0.1','内网IP','Chrome 11','Windows 10','0','登录成功','2023-07-04 13:34:03'),(132,'yiji','127.0.0.1','内网IP','Chrome 11','Windows 10','0','退出成功','2023-07-04 13:34:16'),(133,'admin','127.0.0.1','内网IP','Chrome 11','Windows 10','0','登录成功','2023-07-04 13:34:23'),(134,'admin','127.0.0.1','内网IP','Chrome 11','Windows 10','0','退出成功','2023-07-04 13:34:46'),(135,'yiji','127.0.0.1','内网IP','Chrome 11','Windows 10','1','验证码错误','2023-07-04 13:34:55'),(136,'yiji','127.0.0.1','内网IP','Chrome 11','Windows 10','0','登录成功','2023-07-04 13:35:00'),(137,'yiji','127.0.0.1','内网IP','Chrome 11','Windows 10','0','退出成功','2023-07-04 13:42:22'),(138,'admin','127.0.0.1','内网IP','Chrome 11','Windows 10','0','登录成功','2023-07-04 13:42:32'),(139,'admin','127.0.0.1','内网IP','Chrome 11','Windows 10','0','退出成功','2023-07-04 13:48:30'),(140,'bianque','127.0.0.1','内网IP','Chrome 11','Windows 10','0','登录成功','2023-07-04 13:48:41'),(141,'bianque','127.0.0.1','内网IP','Chrome 11','Windows 10','0','退出成功','2023-07-04 13:49:05'),(142,'admin','127.0.0.1','内网IP','Chrome 11','Windows 10','1','密码输入错误1次','2023-07-04 13:49:13'),(143,'admin','127.0.0.1','内网IP','Chrome 11','Windows 10','1','用户不存在/密码错误','2023-07-04 13:49:13'),(144,'admin','127.0.0.1','内网IP','Chrome 11','Windows 10','0','登录成功','2023-07-04 13:49:21'),(145,'admin','127.0.0.1','内网IP','Chrome 11','Windows 10','0','退出成功','2023-07-04 13:51:28'),(146,'sunsimiao','127.0.0.1','内网IP','Chrome 11','Windows 10','1','验证码错误','2023-07-04 13:52:00'),(147,'sunsimiao','127.0.0.1','内网IP','Chrome 11','Windows 10','0','登录成功','2023-07-04 13:52:03'),(148,'sunsimiao','127.0.0.1','内网IP','Chrome 11','Windows 10','0','退出成功','2023-07-04 13:53:05'),(149,'admin','127.0.0.1','内网IP','Chrome 11','Windows 10','0','登录成功','2023-07-04 13:53:15'),(150,'admin','127.0.0.1','内网IP','Chrome 11','Windows 10','0','退出成功','2023-07-04 13:53:23'),(151,'sunsimiao','127.0.0.1','内网IP','Chrome 11','Windows 10','0','登录成功','2023-07-04 13:53:32'),(152,'sunsimiao','127.0.0.1','内网IP','Chrome 11','Windows 10','0','退出成功','2023-07-04 13:54:14'),(153,'admin','127.0.0.1','内网IP','Chrome 11','Windows 10','0','登录成功','2023-07-04 13:54:23'),(154,'admin','127.0.0.1','内网IP','Chrome 11','Windows 10','0','退出成功','2023-07-04 13:55:09'),(155,'yiji','127.0.0.1','内网IP','Chrome 11','Windows 10','0','登录成功','2023-07-04 13:55:17'),(156,'yiji','127.0.0.1','内网IP','Chrome 11','Windows 10','0','退出成功','2023-07-04 13:56:07'),(157,'huatuo','127.0.0.1','内网IP','Chrome 11','Windows 10','1','密码输入错误1次','2023-07-04 13:56:14'),(158,'huatuo','127.0.0.1','内网IP','Chrome 11','Windows 10','1','用户不存在/密码错误','2023-07-04 13:56:14'),(159,'huatuo','127.0.0.1','内网IP','Chrome 11','Windows 10','1','用户不存在/密码错误','2023-07-04 13:56:19'),(160,'huatuo','127.0.0.1','内网IP','Chrome 11','Windows 10','1','密码输入错误2次','2023-07-04 13:56:19'),(161,'huatuo','127.0.0.1','内网IP','Chrome 11','Windows 10','0','登录成功','2023-07-04 13:56:24'),(162,'huatuo','127.0.0.1','内网IP','Chrome 11','Windows 10','0','退出成功','2023-07-04 13:56:31'),(163,'bianque','127.0.0.1','内网IP','Chrome 11','Windows 10','0','登录成功','2023-07-04 13:56:37'),(164,'bianque','127.0.0.1','内网IP','Chrome 11','Windows 10','0','退出成功','2023-07-04 13:58:19'),(165,'huatuo','127.0.0.1','内网IP','Chrome 11','Windows 10','0','登录成功','2023-07-04 13:58:28'),(166,'huatuo','127.0.0.1','内网IP','Chrome 11','Windows 10','0','退出成功','2023-07-04 13:58:56'),(167,'bianque','127.0.0.1','内网IP','Chrome 11','Windows 10','0','登录成功','2023-07-04 13:59:04'),(168,'bianque','127.0.0.1','内网IP','Chrome 11','Windows 10','0','退出成功','2023-07-04 13:59:25'),(169,'yiji','127.0.0.1','内网IP','Chrome 11','Windows 10','0','登录成功','2023-07-04 13:59:33'),(170,'yiji','127.0.0.1','内网IP','Chrome 11','Windows 10','0','退出成功','2023-07-04 14:00:41'),(171,'bianque','127.0.0.1','内网IP','Chrome 11','Windows 10','0','登录成功','2023-07-04 14:00:48'),(172,'bianque','127.0.0.1','内网IP','Chrome 11','Windows 10','0','退出成功','2023-07-04 14:04:05'),(173,'admin','127.0.0.1','内网IP','Chrome 11','Windows 10','0','登录成功','2023-07-04 14:04:13');

/*Table structure for table `sys_menu` */

DROP TABLE IF EXISTS `sys_menu`;

CREATE TABLE `sys_menu` (
  `menu_id` bigint NOT NULL AUTO_INCREMENT COMMENT '菜单ID',
  `menu_name` varchar(50) NOT NULL COMMENT '菜单名称',
  `parent_id` bigint DEFAULT '0' COMMENT '父菜单ID',
  `order_num` int DEFAULT '0' COMMENT '显示顺序',
  `path` varchar(200) DEFAULT '' COMMENT '路由地址',
  `component` varchar(255) DEFAULT NULL COMMENT '组件路径',
  `query` varchar(255) DEFAULT NULL COMMENT '路由参数',
  `is_frame` int DEFAULT '1' COMMENT '是否为外链（0是 1否）',
  `is_cache` int DEFAULT '0' COMMENT '是否缓存（0缓存 1不缓存）',
  `menu_type` char(1) DEFAULT '' COMMENT '菜单类型（M目录 C菜单 F按钮）',
  `visible` char(1) DEFAULT '0' COMMENT '菜单状态（0显示 1隐藏）',
  `status` char(1) DEFAULT '0' COMMENT '菜单状态（0正常 1停用）',
  `perms` varchar(100) DEFAULT NULL COMMENT '权限标识',
  `icon` varchar(100) DEFAULT '#' COMMENT '菜单图标',
  `create_by` varchar(64) DEFAULT '' COMMENT '创建者',
  `create_time` datetime DEFAULT NULL COMMENT '创建时间',
  `update_by` varchar(64) DEFAULT '' COMMENT '更新者',
  `update_time` datetime DEFAULT NULL COMMENT '更新时间',
  `remark` varchar(500) DEFAULT '' COMMENT '备注',
  PRIMARY KEY (`menu_id`)
) ENGINE=InnoDB AUTO_INCREMENT=2038 DEFAULT CHARSET=utf8mb4 COLLATE=utf8mb4_0900_ai_ci COMMENT='菜单权限表';

/*Data for the table `sys_menu` */

insert  into `sys_menu`(`menu_id`,`menu_name`,`parent_id`,`order_num`,`path`,`component`,`query`,`is_frame`,`is_cache`,`menu_type`,`visible`,`status`,`perms`,`icon`,`create_by`,`create_time`,`update_by`,`update_time`,`remark`) values (1,'系统管理',0,1,'system',NULL,'',1,0,'M','0','0','','system','admin','2023-07-03 15:00:36','',NULL,'系统管理目录'),(2,'系统监控',0,2,'monitor',NULL,'',1,0,'M','0','0','','monitor','admin','2023-07-03 15:00:36','',NULL,'系统监控目录'),(3,'系统工具',0,3,'tool',NULL,'',1,0,'M','0','0','','tool','admin','2023-07-03 15:00:36','',NULL,'系统工具目录'),(4,'若依官网',0,4,'http://ruoyi.vip',NULL,'',0,0,'M','0','0','','guide','admin','2023-07-03 15:00:36','',NULL,'若依官网地址'),(100,'用户管理',1,1,'user','system/user/index','',1,0,'C','0','0','system:user:list','user','admin','2023-07-03 15:00:36','',NULL,'用户管理菜单'),(101,'角色管理',1,2,'role','system/role/index','',1,0,'C','0','0','system:role:list','peoples','admin','2023-07-03 15:00:36','',NULL,'角色管理菜单'),(102,'菜单管理',1,3,'menu','system/menu/index','',1,0,'C','0','0','system:menu:list','tree-table','admin','2023-07-03 15:00:36','',NULL,'菜单管理菜单'),(103,'部门管理',1,4,'dept','system/dept/index','',1,0,'C','0','0','system:dept:list','tree','admin','2023-07-03 15:00:36','',NULL,'部门管理菜单'),(104,'岗位管理',1,5,'post','system/post/index','',1,0,'C','0','0','system:post:list','post','admin','2023-07-03 15:00:36','',NULL,'岗位管理菜单'),(105,'字典管理',1,6,'dict','system/dict/index','',1,0,'C','0','0','system:dict:list','dict','admin','2023-07-03 15:00:36','',NULL,'字典管理菜单'),(106,'参数设置',1,7,'config','system/config/index','',1,0,'C','0','0','system:config:list','edit','admin','2023-07-03 15:00:36','',NULL,'参数设置菜单'),(107,'通知公告',1,8,'notice','system/notice/index','',1,0,'C','0','0','system:notice:list','message','admin','2023-07-03 15:00:36','',NULL,'通知公告菜单'),(108,'日志管理',1,9,'log','','',1,0,'M','0','0','','log','admin','2023-07-03 15:00:36','',NULL,'日志管理菜单'),(109,'在线用户',2,1,'online','monitor/online/index','',1,0,'C','0','0','monitor:online:list','online','admin','2023-07-03 15:00:36','',NULL,'在线用户菜单'),(110,'定时任务',2,2,'job','monitor/job/index','',1,0,'C','0','0','monitor:job:list','job','admin','2023-07-03 15:00:36','',NULL,'定时任务菜单'),(111,'数据监控',2,3,'druid','monitor/druid/index','',1,0,'C','0','0','monitor:druid:list','druid','admin','2023-07-03 15:00:36','',NULL,'数据监控菜单'),(112,'服务监控',2,4,'server','monitor/server/index','',1,0,'C','0','0','monitor:server:list','server','admin','2023-07-03 15:00:36','',NULL,'服务监控菜单'),(113,'缓存监控',2,5,'cache','monitor/cache/index','',1,0,'C','0','0','monitor:cache:list','redis','admin','2023-07-03 15:00:36','',NULL,'缓存监控菜单'),(114,'缓存列表',2,6,'cacheList','monitor/cache/list','',1,0,'C','0','0','monitor:cache:list','redis-list','admin','2023-07-03 15:00:36','',NULL,'缓存列表菜单'),(115,'表单构建',3,1,'build','tool/build/index','',1,0,'C','0','0','tool:build:list','build','admin','2023-07-03 15:00:36','',NULL,'表单构建菜单'),(116,'代码生成',3,2,'gen','tool/gen/index','',1,0,'C','0','0','tool:gen:list','code','admin','2023-07-03 15:00:36','',NULL,'代码生成菜单'),(117,'系统接口',3,3,'swagger','tool/swagger/index','',1,0,'C','0','0','tool:swagger:list','swagger','admin','2023-07-03 15:00:36','',NULL,'系统接口菜单'),(500,'操作日志',108,1,'operlog','monitor/operlog/index','',1,0,'C','0','0','monitor:operlog:list','form','admin','2023-07-03 15:00:36','',NULL,'操作日志菜单'),(501,'登录日志',108,2,'logininfor','monitor/logininfor/index','',1,0,'C','0','0','monitor:logininfor:list','logininfor','admin','2023-07-03 15:00:36','',NULL,'登录日志菜单'),(1000,'用户查询',100,1,'','','',1,0,'F','0','0','system:user:query','#','admin','2023-07-03 15:00:36','',NULL,''),(1001,'用户新增',100,2,'','','',1,0,'F','0','0','system:user:add','#','admin','2023-07-03 15:00:36','',NULL,''),(1002,'用户修改',100,3,'','','',1,0,'F','0','0','system:user:edit','#','admin','2023-07-03 15:00:36','',NULL,''),(1003,'用户删除',100,4,'','','',1,0,'F','0','0','system:user:remove','#','admin','2023-07-03 15:00:36','',NULL,''),(1004,'用户导出',100,5,'','','',1,0,'F','0','0','system:user:export','#','admin','2023-07-03 15:00:36','',NULL,''),(1005,'用户导入',100,6,'','','',1,0,'F','0','0','system:user:import','#','admin','2023-07-03 15:00:36','',NULL,''),(1006,'重置密码',100,7,'','','',1,0,'F','0','0','system:user:resetPwd','#','admin','2023-07-03 15:00:36','',NULL,''),(1007,'角色查询',101,1,'','','',1,0,'F','0','0','system:role:query','#','admin','2023-07-03 15:00:36','',NULL,''),(1008,'角色新增',101,2,'','','',1,0,'F','0','0','system:role:add','#','admin','2023-07-03 15:00:36','',NULL,''),(1009,'角色修改',101,3,'','','',1,0,'F','0','0','system:role:edit','#','admin','2023-07-03 15:00:36','',NULL,''),(1010,'角色删除',101,4,'','','',1,0,'F','0','0','system:role:remove','#','admin','2023-07-03 15:00:36','',NULL,''),(1011,'角色导出',101,5,'','','',1,0,'F','0','0','system:role:export','#','admin','2023-07-03 15:00:36','',NULL,''),(1012,'菜单查询',102,1,'','','',1,0,'F','0','0','system:menu:query','#','admin','2023-07-03 15:00:36','',NULL,''),(1013,'菜单新增',102,2,'','','',1,0,'F','0','0','system:menu:add','#','admin','2023-07-03 15:00:37','',NULL,''),(1014,'菜单修改',102,3,'','','',1,0,'F','0','0','system:menu:edit','#','admin','2023-07-03 15:00:37','',NULL,''),(1015,'菜单删除',102,4,'','','',1,0,'F','0','0','system:menu:remove','#','admin','2023-07-03 15:00:37','',NULL,''),(1016,'部门查询',103,1,'','','',1,0,'F','0','0','system:dept:query','#','admin','2023-07-03 15:00:37','',NULL,''),(1017,'部门新增',103,2,'','','',1,0,'F','0','0','system:dept:add','#','admin','2023-07-03 15:00:37','',NULL,''),(1018,'部门修改',103,3,'','','',1,0,'F','0','0','system:dept:edit','#','admin','2023-07-03 15:00:37','',NULL,''),(1019,'部门删除',103,4,'','','',1,0,'F','0','0','system:dept:remove','#','admin','2023-07-03 15:00:37','',NULL,''),(1020,'岗位查询',104,1,'','','',1,0,'F','0','0','system:post:query','#','admin','2023-07-03 15:00:37','',NULL,''),(1021,'岗位新增',104,2,'','','',1,0,'F','0','0','system:post:add','#','admin','2023-07-03 15:00:37','',NULL,''),(1022,'岗位修改',104,3,'','','',1,0,'F','0','0','system:post:edit','#','admin','2023-07-03 15:00:37','',NULL,''),(1023,'岗位删除',104,4,'','','',1,0,'F','0','0','system:post:remove','#','admin','2023-07-03 15:00:37','',NULL,''),(1024,'岗位导出',104,5,'','','',1,0,'F','0','0','system:post:export','#','admin','2023-07-03 15:00:37','',NULL,''),(1025,'字典查询',105,1,'#','','',1,0,'F','0','0','system:dict:query','#','admin','2023-07-03 15:00:37','',NULL,''),(1026,'字典新增',105,2,'#','','',1,0,'F','0','0','system:dict:add','#','admin','2023-07-03 15:00:37','',NULL,''),(1027,'字典修改',105,3,'#','','',1,0,'F','0','0','system:dict:edit','#','admin','2023-07-03 15:00:37','',NULL,''),(1028,'字典删除',105,4,'#','','',1,0,'F','0','0','system:dict:remove','#','admin','2023-07-03 15:00:37','',NULL,''),(1029,'字典导出',105,5,'#','','',1,0,'F','0','0','system:dict:export','#','admin','2023-07-03 15:00:37','',NULL,''),(1030,'参数查询',106,1,'#','','',1,0,'F','0','0','system:config:query','#','admin','2023-07-03 15:00:37','',NULL,''),(1031,'参数新增',106,2,'#','','',1,0,'F','0','0','system:config:add','#','admin','2023-07-03 15:00:37','',NULL,''),(1032,'参数修改',106,3,'#','','',1,0,'F','0','0','system:config:edit','#','admin','2023-07-03 15:00:37','',NULL,''),(1033,'参数删除',106,4,'#','','',1,0,'F','0','0','system:config:remove','#','admin','2023-07-03 15:00:37','',NULL,''),(1034,'参数导出',106,5,'#','','',1,0,'F','0','0','system:config:export','#','admin','2023-07-03 15:00:37','',NULL,''),(1035,'公告查询',107,1,'#','','',1,0,'F','0','0','system:notice:query','#','admin','2023-07-03 15:00:37','',NULL,''),(1036,'公告新增',107,2,'#','','',1,0,'F','0','0','system:notice:add','#','admin','2023-07-03 15:00:37','',NULL,''),(1037,'公告修改',107,3,'#','','',1,0,'F','0','0','system:notice:edit','#','admin','2023-07-03 15:00:37','',NULL,''),(1038,'公告删除',107,4,'#','','',1,0,'F','0','0','system:notice:remove','#','admin','2023-07-03 15:00:37','',NULL,''),(1039,'操作查询',500,1,'#','','',1,0,'F','0','0','monitor:operlog:query','#','admin','2023-07-03 15:00:37','',NULL,''),(1040,'操作删除',500,2,'#','','',1,0,'F','0','0','monitor:operlog:remove','#','admin','2023-07-03 15:00:37','',NULL,''),(1041,'日志导出',500,3,'#','','',1,0,'F','0','0','monitor:operlog:export','#','admin','2023-07-03 15:00:37','',NULL,''),(1042,'登录查询',501,1,'#','','',1,0,'F','0','0','monitor:logininfor:query','#','admin','2023-07-03 15:00:37','',NULL,''),(1043,'登录删除',501,2,'#','','',1,0,'F','0','0','monitor:logininfor:remove','#','admin','2023-07-03 15:00:37','',NULL,''),(1044,'日志导出',501,3,'#','','',1,0,'F','0','0','monitor:logininfor:export','#','admin','2023-07-03 15:00:37','',NULL,''),(1045,'账户解锁',501,4,'#','','',1,0,'F','0','0','monitor:logininfor:unlock','#','admin','2023-07-03 15:00:37','',NULL,''),(1046,'在线查询',109,1,'#','','',1,0,'F','0','0','monitor:online:query','#','admin','2023-07-03 15:00:37','',NULL,''),(1047,'批量强退',109,2,'#','','',1,0,'F','0','0','monitor:online:batchLogout','#','admin','2023-07-03 15:00:37','',NULL,''),(1048,'单条强退',109,3,'#','','',1,0,'F','0','0','monitor:online:forceLogout','#','admin','2023-07-03 15:00:37','',NULL,''),(1049,'任务查询',110,1,'#','','',1,0,'F','0','0','monitor:job:query','#','admin','2023-07-03 15:00:37','',NULL,''),(1050,'任务新增',110,2,'#','','',1,0,'F','0','0','monitor:job:add','#','admin','2023-07-03 15:00:37','',NULL,''),(1051,'任务修改',110,3,'#','','',1,0,'F','0','0','monitor:job:edit','#','admin','2023-07-03 15:00:37','',NULL,''),(1052,'任务删除',110,4,'#','','',1,0,'F','0','0','monitor:job:remove','#','admin','2023-07-03 15:00:37','',NULL,''),(1053,'状态修改',110,5,'#','','',1,0,'F','0','0','monitor:job:changeStatus','#','admin','2023-07-03 15:00:37','',NULL,''),(1054,'任务导出',110,6,'#','','',1,0,'F','0','0','monitor:job:export','#','admin','2023-07-03 15:00:38','',NULL,''),(1055,'生成查询',116,1,'#','','',1,0,'F','0','0','tool:gen:query','#','admin','2023-07-03 15:00:38','',NULL,''),(1056,'生成修改',116,2,'#','','',1,0,'F','0','0','tool:gen:edit','#','admin','2023-07-03 15:00:38','',NULL,''),(1057,'生成删除',116,3,'#','','',1,0,'F','0','0','tool:gen:remove','#','admin','2023-07-03 15:00:38','',NULL,''),(1058,'导入代码',116,4,'#','','',1,0,'F','0','0','tool:gen:import','#','admin','2023-07-03 15:00:38','',NULL,''),(1059,'预览代码',116,5,'#','','',1,0,'F','0','0','tool:gen:preview','#','admin','2023-07-03 15:00:38','',NULL,''),(1060,'生成代码',116,6,'#','','',1,0,'F','0','0','tool:gen:code','#','admin','2023-07-03 15:00:38','',NULL,''),(2000,'基础数据',0,0,'data',NULL,NULL,1,0,'M','0','0',NULL,'edit','admin','2023-07-03 15:44:54','',NULL,''),(2002,'挂号级别',2000,1,'registlevel','registe/registlevel/index',NULL,1,0,'C','0','0','registe:registlevel:list','rate','admin','2023-07-03 16:00:37','admin','2023-07-04 13:22:17','挂号级别菜单'),(2003,'挂号级别查询',2002,1,'#','',NULL,1,0,'F','0','0','data:level:query','#','admin','2023-07-03 16:00:37','',NULL,''),(2004,'挂号级别新增',2002,2,'#','',NULL,1,0,'F','0','0','data:level:add','#','admin','2023-07-03 16:00:37','',NULL,''),(2005,'挂号级别修改',2002,3,'#','',NULL,1,0,'F','0','0','data:level:edit','#','admin','2023-07-03 16:00:37','',NULL,''),(2006,'挂号级别删除',2002,4,'#','',NULL,1,0,'F','0','0','data:level:remove','#','admin','2023-07-03 16:00:37','',NULL,''),(2007,'挂号级别导出',2002,5,'#','',NULL,1,0,'F','0','0','data:level:export','#','admin','2023-07-03 16:00:37','',NULL,''),(2008,'挂号管理',0,0,'register',NULL,NULL,1,0,'M','0','0',NULL,'date','admin','2023-07-03 16:06:30','',NULL,''),(2009,'挂号',2008,0,'register','registe/register/index',NULL,1,0,'C','0','0','registe:register:list','button','admin','2023-07-03 16:21:31','admin','2023-07-04 13:14:15',''),(2010,'门诊医生',0,0,'doctor',NULL,NULL,1,0,'M','0','0','','color','admin','2023-07-03 16:32:49','admin','2023-07-03 16:33:06',''),(2011,'病案首页',2010,0,'home','doctor/home/index',NULL,1,0,'C','0','0','doctor:home','checkbox','admin','2023-07-03 16:33:49','',NULL,''),(2012,'检查项目管理',2000,1,'check_item','commondata/check_item/index',NULL,1,0,'C','0','0','commondata:check_item:list','guide','admin','2023-07-03 18:47:54','admin','2023-07-04 13:22:37','检查菜单'),(2013,'检查查询',2012,1,'#','',NULL,1,0,'F','0','0','data:check:query','#','admin','2023-07-03 18:47:54','',NULL,''),(2014,'检查新增',2012,2,'#','',NULL,1,0,'F','0','0','data:check:add','#','admin','2023-07-03 18:47:54','',NULL,''),(2015,'检查修改',2012,3,'#','',NULL,1,0,'F','0','0','data:check:edit','#','admin','2023-07-03 18:47:54','',NULL,''),(2016,'检查删除',2012,4,'#','',NULL,1,0,'F','0','0','data:check:remove','#','admin','2023-07-03 18:47:54','',NULL,''),(2017,'检查导出',2012,5,'#','',NULL,1,0,'F','0','0','data:check:export','#','admin','2023-07-03 18:47:54','',NULL,''),(2018,'检验项目管理',2000,1,'inspect_item','commondata/inspect_item/index',NULL,1,0,'C','0','0','commondata:inspect_item:list','icon','admin','2023-07-03 18:58:47','admin','2023-07-04 13:22:50','检验菜单'),(2019,'检验查询',2018,1,'#','',NULL,1,0,'F','0','0','data:inspect:query','#','admin','2023-07-03 18:58:47','',NULL,''),(2020,'检验新增',2018,2,'#','',NULL,1,0,'F','0','0','data:inspect:add','#','admin','2023-07-03 18:58:47','',NULL,''),(2021,'检验修改',2018,3,'#','',NULL,1,0,'F','0','0','data:inspect:edit','#','admin','2023-07-03 18:58:47','',NULL,''),(2022,'检验删除',2018,4,'#','',NULL,1,0,'F','0','0','data:inspect:remove','#','admin','2023-07-03 18:58:47','',NULL,''),(2023,'检验导出',2018,5,'#','',NULL,1,0,'F','0','0','data:inspect:export','#','admin','2023-07-03 18:58:47','',NULL,''),(2024,'医技医生',0,0,'clipboard',NULL,NULL,1,0,'M','0','0','','component','admin','2023-07-03 19:21:57','admin','2023-07-04 13:25:57',''),(2025,'查询患者列表',2011,2,'',NULL,NULL,1,0,'F','0','0','register:manage:listRegister','#','admin','2023-07-04 10:17:03','admin','2023-07-04 10:17:34',''),(2026,'文件信息',1,1,'file_info','system/file_info/index',NULL,1,0,'C','0','0','system:file_info:list','color','admin','2023-07-04 12:12:51','admin','2023-07-04 13:15:04','文件信息菜单'),(2028,'文件信息新增',2026,2,'#','',NULL,1,0,'F','0','0','system:file_info:add','#','admin','2023-07-04 12:12:51','',NULL,''),(2029,'文件信息修改',2026,3,'#','',NULL,1,0,'F','0','0','system:file_info:edit','#','admin','2023-07-04 12:12:51','',NULL,''),(2030,'文件信息删除',2026,4,'#','',NULL,1,0,'F','0','0','system:file_info:remove','#','admin','2023-07-04 12:12:51','',NULL,''),(2031,'文件信息导出',2026,5,'#','',NULL,1,0,'F','0','0','system:file_info:export','#','admin','2023-07-04 12:12:51','',NULL,''),(2032,'收费',2008,1,'fee','registe/fee/index.vue',NULL,1,0,'C','0','0','registe:register:fee','chart','admin','2023-07-04 13:15:59','admin','2023-07-04 13:16:07',''),(2033,'退费',2008,2,'refund','registe/fee/refund.vue',NULL,1,0,'C','0','0','registe:register:refund','drag','admin','2023-07-04 13:18:12','',NULL,''),(2034,'退号',2008,3,'revert','registe/register/revert',NULL,1,0,'C','0','0','registe:register:revert','download','admin','2023-07-04 13:19:57','',NULL,''),(2035,'医技处理',2024,0,'medical_technology','medical_technology/index',NULL,1,0,'C','0','0','medical_technology:deal','people','admin','2023-07-04 13:26:39','',NULL,''),(2036,'查询检查申请列表关联患者',2035,1,'',NULL,NULL,1,0,'F','0','0','doctor:apply:listByRegister','#','admin','2023-07-04 13:31:48','',NULL,''),(2037,'获取检查申请详细信息',2035,2,'',NULL,NULL,1,0,'F','0','0','doctor:apply:query','#','admin','2023-07-04 13:32:12','',NULL,'');

/*Table structure for table `sys_notice` */

DROP TABLE IF EXISTS `sys_notice`;

CREATE TABLE `sys_notice` (
  `notice_id` int NOT NULL AUTO_INCREMENT COMMENT '公告ID',
  `notice_title` varchar(50) NOT NULL COMMENT '公告标题',
  `notice_type` char(1) NOT NULL COMMENT '公告类型（1通知 2公告）',
  `notice_content` longblob COMMENT '公告内容',
  `status` char(1) DEFAULT '0' COMMENT '公告状态（0正常 1关闭）',
  `create_by` varchar(64) DEFAULT '' COMMENT '创建者',
  `create_time` datetime DEFAULT NULL COMMENT '创建时间',
  `update_by` varchar(64) DEFAULT '' COMMENT '更新者',
  `update_time` datetime DEFAULT NULL COMMENT '更新时间',
  `remark` varchar(255) DEFAULT NULL COMMENT '备注',
  PRIMARY KEY (`notice_id`)
) ENGINE=InnoDB AUTO_INCREMENT=10 DEFAULT CHARSET=utf8mb4 COLLATE=utf8mb4_0900_ai_ci COMMENT='通知公告表';

/*Data for the table `sys_notice` */

insert  into `sys_notice`(`notice_id`,`notice_title`,`notice_type`,`notice_content`,`status`,`create_by`,`create_time`,`update_by`,`update_time`,`remark`) values (1,'温馨提醒：2018-07-01 若依新版本发布啦','2','新版本内容','0','admin','2023-07-03 15:01:06','',NULL,'管理员'),(2,'维护通知：2018-07-01 若依系统凌晨维护','1','维护内容','0','admin','2023-07-03 15:01:06','',NULL,'管理员');

/*Table structure for table `sys_oper_log` */

DROP TABLE IF EXISTS `sys_oper_log`;

CREATE TABLE `sys_oper_log` (
  `oper_id` bigint NOT NULL AUTO_INCREMENT COMMENT '日志主键',
  `title` varchar(50) DEFAULT '' COMMENT '模块标题',
  `business_type` int DEFAULT '0' COMMENT '业务类型（0其它 1新增 2修改 3删除）',
  `method` varchar(100) DEFAULT '' COMMENT '方法名称',
  `request_method` varchar(10) DEFAULT '' COMMENT '请求方式',
  `operator_type` int DEFAULT '0' COMMENT '操作类别（0其它 1后台用户 2手机端用户）',
  `oper_name` varchar(50) DEFAULT '' COMMENT '操作人员',
  `dept_name` varchar(50) DEFAULT '' COMMENT '部门名称',
  `oper_url` varchar(255) DEFAULT '' COMMENT '请求URL',
  `oper_ip` varchar(128) DEFAULT '' COMMENT '主机地址',
  `oper_location` varchar(255) DEFAULT '' COMMENT '操作地点',
  `oper_param` varchar(2000) DEFAULT '' COMMENT '请求参数',
  `json_result` varchar(2000) DEFAULT '' COMMENT '返回参数',
  `status` int DEFAULT '0' COMMENT '操作状态（0正常 1异常）',
  `error_msg` varchar(2000) DEFAULT '' COMMENT '错误消息',
  `oper_time` datetime DEFAULT NULL COMMENT '操作时间',
  `cost_time` bigint DEFAULT '0' COMMENT '消耗时间',
  PRIMARY KEY (`oper_id`),
  KEY `idx_sys_oper_log_bt` (`business_type`),
  KEY `idx_sys_oper_log_s` (`status`),
  KEY `idx_sys_oper_log_ot` (`oper_time`)
) ENGINE=InnoDB AUTO_INCREMENT=193 DEFAULT CHARSET=utf8mb4 COLLATE=utf8mb4_0900_ai_ci COMMENT='操作日志记录';

/*Data for the table `sys_oper_log` */

insert  into `sys_oper_log`(`oper_id`,`title`,`business_type`,`method`,`request_method`,`operator_type`,`oper_name`,`dept_name`,`oper_url`,`oper_ip`,`oper_location`,`oper_param`,`json_result`,`status`,`error_msg`,`oper_time`,`cost_time`) values (100,'代码生成',6,'org.jshand.module.generator.controller.GenController.importTableSave()','POST',1,'admin',NULL,'/tool/gen/importTable','127.0.0.1','内网IP','\"registlevel\"','{\"msg\":\"操作成功\",\"code\":200}',0,NULL,'2023-07-03 15:40:43',0),(101,'菜单管理',1,'org.jshand.web.controller.system.SysMenuController.add()','POST',1,'admin',NULL,'/system/menu','127.0.0.1','内网IP','{\"children\":[],\"createBy\":\"admin\",\"icon\":\"edit\",\"isCache\":\"0\",\"isFrame\":\"1\",\"menuName\":\"基础数据\",\"menuType\":\"M\",\"orderNum\":0,\"params\":{},\"parentId\":0,\"path\":\"data\",\"status\":\"0\",\"visible\":\"0\"}','{\"msg\":\"操作成功\",\"code\":200}',0,NULL,'2023-07-03 15:44:54',0),(102,'代码生成',2,'org.jshand.module.generator.controller.GenController.editSave()','PUT',1,'admin',NULL,'/tool/gen','127.0.0.1','内网IP','{\"businessName\":\"level\",\"className\":\"Registlevel\",\"columns\":[{\"capJavaField\":\"Id\",\"columnComment\":\"ID主键\",\"columnId\":1,\"columnName\":\"ID\",\"columnType\":\"int\",\"createBy\":\"admin\",\"createTime\":\"2023-07-03 15:40:43\",\"dictType\":\"\",\"edit\":false,\"htmlType\":\"input\",\"increment\":true,\"insert\":true,\"isIncrement\":\"1\",\"isInsert\":\"1\",\"isList\":\"1\",\"isPk\":\"1\",\"javaField\":\"id\",\"javaType\":\"Long\",\"list\":true,\"params\":{},\"pk\":true,\"query\":false,\"queryType\":\"EQ\",\"required\":false,\"sort\":1,\"superColumn\":false,\"tableId\":1,\"updateBy\":\"\",\"usableColumn\":false},{\"capJavaField\":\"Registcode\",\"columnComment\":\"号别编码\",\"columnId\":2,\"columnName\":\"RegistCode\",\"columnType\":\"varchar(64)\",\"createBy\":\"admin\",\"createTime\":\"2023-07-03 15:40:43\",\"dictType\":\"\",\"edit\":true,\"htmlType\":\"input\",\"increment\":false,\"insert\":true,\"isEdit\":\"1\",\"isIncrement\":\"0\",\"isInsert\":\"1\",\"isList\":\"1\",\"isPk\":\"0\",\"isQuery\":\"1\",\"isRequired\":\"1\",\"javaField\":\"registcode\",\"javaType\":\"String\",\"list\":true,\"params\":{},\"pk\":false,\"query\":true,\"queryType\":\"EQ\",\"required\":true,\"sort\":2,\"superColumn\":false,\"tableId\":1,\"updateBy\":\"\",\"usableColumn\":false},{\"capJavaField\":\"Registname\",\"columnComment\":\"号别名称\",\"columnId\":3,\"columnName\":\"RegistName\",\"columnType\":\"varchar(64)\",\"createBy\":\"admin\",\"createTime\":\"2023-07-03 15:40:43\",\"dictType\":\"\",\"edit\":true,\"htmlType\":\"input\",\"increment\":false,\"insert\":true,\"isEdit\":\"1\",\"isIncrement\":\"0\",\"isInsert\":\"1\",\"isList\":\"1\",\"isPk\":\"0\",\"isQuery\":\"1\",\"isRequired\":\"1\",\"javaField\":\"registname\",\"javaType\":\"String\",\"list\":true,\"params\":{},\"pk\":false,\"query\":true,\"queryType\":\"LIKE\",\"required\":true,\"sort\":3,\"superColumn\":false,\"tableId\":1,\"updateBy\":\"\",\"usableColumn\":false},{\"capJavaField\":\"Sequenceno\",\"columnComment\":\"显示顺序号\",\"columnId\":4,\"columnName\":\"SequenceNo\",\"columnType\":\"int\",\"createBy\":\"admin\",\"createTime\":\"2023-07-03 15:40:43\",\"dictType\":\"\",\"edit\":true,\"htmlType\":\"input\",\"increment\":false,\"insert\":true,\"isEdit\":\"1\",\"isIncrement\":\"0\",\"isInsert\":\"1\",\"isList\":\"1\",\"isPk\":\"0\",\"isQuery\":\"1\",\"isRequired\":\"1\",\"javaField\":','{\"msg\":\"操作成功\",\"code\":200}',0,NULL,'2023-07-03 15:46:48',0),(103,'代码生成',8,'org.jshand.module.generator.controller.GenController.batchGenCode()','GET',1,'admin',NULL,'/tool/gen/batchGenCode','127.0.0.1','内网IP','{\"tables\":\"registlevel\"}',NULL,0,NULL,'2023-07-03 15:46:51',0),(104,'菜单管理',1,'org.jshand.web.controller.system.SysMenuController.add()','POST',1,'admin',NULL,'/system/menu','127.0.0.1','内网IP','{\"children\":[],\"component\":\"data/level\",\"createBy\":\"admin\",\"icon\":\"bug\",\"isCache\":\"0\",\"isFrame\":\"1\",\"menuName\":\"挂号级别\",\"menuType\":\"C\",\"orderNum\":0,\"params\":{},\"parentId\":2000,\"path\":\"data\",\"status\":\"0\",\"visible\":\"0\"}','{\"msg\":\"操作成功\",\"code\":200}',0,NULL,'2023-07-03 15:58:18',0),(105,'菜单管理',3,'org.jshand.web.controller.system.SysMenuController.remove()','DELETE',1,'admin',NULL,'/system/menu/2001','127.0.0.1','内网IP','{}','{\"msg\":\"操作成功\",\"code\":200}',0,NULL,'2023-07-03 16:06:07',0),(106,'菜单管理',1,'org.jshand.web.controller.system.SysMenuController.add()','POST',1,'admin',NULL,'/system/menu','127.0.0.1','内网IP','{\"children\":[],\"createBy\":\"admin\",\"icon\":\"date\",\"isCache\":\"0\",\"isFrame\":\"1\",\"menuName\":\"挂号管理\",\"menuType\":\"M\",\"orderNum\":0,\"params\":{},\"parentId\":0,\"path\":\"register\",\"status\":\"0\",\"visible\":\"0\"}','{\"msg\":\"操作成功\",\"code\":200}',0,NULL,'2023-07-03 16:06:30',0),(107,'角色管理',1,'org.jshand.web.controller.system.SysRoleController.add()','POST',1,'admin',NULL,'/system/role','127.0.0.1','内网IP','{\"admin\":false,\"createBy\":\"admin\",\"deptCheckStrictly\":true,\"deptIds\":[],\"flag\":false,\"menuCheckStrictly\":true,\"menuIds\":[2008],\"params\":{},\"remark\":\"挂号收费员\",\"roleId\":100,\"roleKey\":\"register\",\"roleName\":\"挂号收费员\",\"roleSort\":3,\"status\":\"0\"}','{\"msg\":\"操作成功\",\"code\":200}',0,NULL,'2023-07-03 16:08:40',0),(108,'用户管理',1,'org.jshand.web.controller.system.SysUserController.add()','POST',1,'admin',NULL,'/system/user','127.0.0.1','内网IP','{\"admin\":false,\"createBy\":\"admin\",\"deptId\":100,\"nickName\":\"bianque\",\"params\":{},\"phonenumber\":\"15663630066\",\"postIds\":[],\"roleIds\":[],\"status\":\"0\",\"userId\":100,\"userName\":\"bianque\"}','{\"msg\":\"操作成功\",\"code\":200}',0,NULL,'2023-07-03 16:09:46',0),(109,'代码生成',6,'org.jshand.module.generator.controller.GenController.importTableSave()','POST',1,'admin',NULL,'/tool/gen/importTable','127.0.0.1','内网IP','\"register\"','{\"msg\":\"操作成功\",\"code\":200}',0,NULL,'2023-07-03 16:12:05',0),(110,'代码生成',2,'org.jshand.module.generator.controller.GenController.editSave()','PUT',1,'admin',NULL,'/tool/gen','127.0.0.1','内网IP','{\"businessName\":\"manage\",\"className\":\"Register\",\"columns\":[{\"capJavaField\":\"Id\",\"columnComment\":\"id病历号\",\"columnId\":14,\"columnName\":\"id\",\"columnType\":\"int\",\"createBy\":\"admin\",\"createTime\":\"2023-07-03 16:12:05\",\"dictType\":\"\",\"edit\":false,\"htmlType\":\"input\",\"increment\":true,\"insert\":true,\"isIncrement\":\"1\",\"isInsert\":\"1\",\"isList\":\"1\",\"isPk\":\"1\",\"javaField\":\"id\",\"javaType\":\"Long\",\"list\":true,\"params\":{},\"pk\":true,\"query\":false,\"queryType\":\"EQ\",\"required\":false,\"sort\":1,\"superColumn\":false,\"tableId\":2,\"updateBy\":\"\",\"usableColumn\":false},{\"capJavaField\":\"Name\",\"columnComment\":\"姓名\",\"columnId\":15,\"columnName\":\"NAME\",\"columnType\":\"varchar(100)\",\"createBy\":\"admin\",\"createTime\":\"2023-07-03 16:12:05\",\"dictType\":\"\",\"edit\":true,\"htmlType\":\"input\",\"increment\":false,\"insert\":true,\"isEdit\":\"1\",\"isIncrement\":\"0\",\"isInsert\":\"1\",\"isList\":\"1\",\"isPk\":\"0\",\"isQuery\":\"1\",\"javaField\":\"name\",\"javaType\":\"String\",\"list\":true,\"params\":{},\"pk\":false,\"query\":true,\"queryType\":\"LIKE\",\"required\":false,\"sort\":2,\"superColumn\":false,\"tableId\":2,\"updateBy\":\"\",\"usableColumn\":false},{\"capJavaField\":\"Gender\",\"columnComment\":\"性别\",\"columnId\":16,\"columnName\":\"gender\",\"columnType\":\"int\",\"createBy\":\"admin\",\"createTime\":\"2023-07-03 16:12:05\",\"dictType\":\"sys_user_sex\",\"edit\":true,\"htmlType\":\"input\",\"increment\":false,\"insert\":true,\"isEdit\":\"1\",\"isIncrement\":\"0\",\"isInsert\":\"1\",\"isList\":\"1\",\"isPk\":\"0\",\"isQuery\":\"1\",\"javaField\":\"gender\",\"javaType\":\"Long\",\"list\":true,\"params\":{},\"pk\":false,\"query\":true,\"queryType\":\"EQ\",\"required\":false,\"sort\":3,\"superColumn\":false,\"tableId\":2,\"updateBy\":\"\",\"usableColumn\":false},{\"capJavaField\":\"Idno\",\"columnComment\":\"身份证号\",\"columnId\":17,\"columnName\":\"idno\",\"columnType\":\"varchar(100)\",\"createBy\":\"admin\",\"createTime\":\"2023-07-03 16:12:05\",\"dictType\":\"\",\"edit\":true,\"htmlType\":\"input\",\"increment\":false,\"insert\":true,\"isEdit\":\"1\",\"isIncrement\":\"0\",\"isInsert\":\"1\",\"isList\":\"0\",\"isPk\":\"0\",\"isQuery\":\"1\",\"javaField\":\"idno\",\"javaType\":\"String\",\"list\":false,\"params\":{},\"pk\":false,\"query\":true,\"quer','{\"msg\":\"操作成功\",\"code\":200}',0,NULL,'2023-07-03 16:16:08',0),(111,'代码生成',8,'org.jshand.module.generator.controller.GenController.batchGenCode()','GET',1,'admin',NULL,'/tool/gen/batchGenCode','127.0.0.1','内网IP','{\"tables\":\"registlevel\"}',NULL,0,NULL,'2023-07-03 16:16:18',0),(112,'代码生成',8,'org.jshand.module.generator.controller.GenController.batchGenCode()','GET',1,'admin',NULL,'/tool/gen/batchGenCode','127.0.0.1','内网IP','{\"tables\":\"register\"}',NULL,0,NULL,'2023-07-03 16:17:11',0),(113,'菜单管理',1,'org.jshand.web.controller.system.SysMenuController.add()','POST',1,'admin',NULL,'/system/menu','127.0.0.1','内网IP','{\"children\":[],\"component\":\"register/manage\",\"createBy\":\"admin\",\"icon\":\"button\",\"isCache\":\"0\",\"isFrame\":\"1\",\"menuName\":\"挂号\",\"menuType\":\"C\",\"orderNum\":0,\"params\":{},\"parentId\":2008,\"path\":\"manage\",\"status\":\"0\",\"visible\":\"0\"}','{\"msg\":\"操作成功\",\"code\":200}',0,NULL,'2023-07-03 16:21:31',0),(114,'菜单管理',2,'org.jshand.web.controller.system.SysMenuController.edit()','PUT',1,'admin',NULL,'/system/menu','127.0.0.1','内网IP','{\"children\":[],\"component\":\"register/manage/index\",\"createTime\":\"2023-07-03 16:21:31\",\"icon\":\"button\",\"isCache\":\"0\",\"isFrame\":\"1\",\"menuId\":2009,\"menuName\":\"挂号\",\"menuType\":\"C\",\"orderNum\":0,\"params\":{},\"parentId\":2008,\"path\":\"manage\",\"perms\":\"register/manage/list\",\"status\":\"0\",\"updateBy\":\"admin\",\"visible\":\"0\"}','{\"msg\":\"操作成功\",\"code\":200}',0,NULL,'2023-07-03 16:22:18',0),(115,'菜单管理',2,'org.jshand.web.controller.system.SysMenuController.edit()','PUT',1,'admin',NULL,'/system/menu','127.0.0.1','内网IP','{\"children\":[],\"component\":\"register/manage/index\",\"createTime\":\"2023-07-03 16:21:31\",\"icon\":\"button\",\"isCache\":\"0\",\"isFrame\":\"1\",\"menuId\":2009,\"menuName\":\"挂号\",\"menuType\":\"C\",\"orderNum\":0,\"params\":{},\"parentId\":2008,\"path\":\"manage\",\"perms\":\"register:manage:list\",\"status\":\"0\",\"updateBy\":\"admin\",\"visible\":\"0\"}','{\"msg\":\"操作成功\",\"code\":200}',0,NULL,'2023-07-03 16:23:15',0),(116,'挂号',1,'org.jshand.module.register.controller.RegisterController.add()','POST',1,'admin',NULL,'/register/manage','127.0.0.1','内网IP','{\"createBy\":\"admin\",\"createTime\":\"2023-07-03 16:29:05.453\",\"id\":1,\"name\":\"1\",\"params\":{}}','{\"msg\":\"操作成功\",\"code\":200}',0,NULL,'2023-07-03 16:29:05',0),(117,'挂号',1,'org.jshand.module.register.controller.RegisterController.add()','POST',1,'admin',NULL,'/register/manage','127.0.0.1','内网IP','{\"createBy\":\"admin\",\"createTime\":\"2023-07-03 16:29:30.783\",\"id\":2,\"name\":\"离\",\"params\":{}}','{\"msg\":\"操作成功\",\"code\":200}',0,NULL,'2023-07-03 16:29:30',0),(118,'用户管理',2,'org.jshand.web.controller.system.SysUserController.edit()','PUT',1,'admin',NULL,'/system/user','127.0.0.1','内网IP','{\"admin\":false,\"avatar\":\"\",\"createBy\":\"admin\",\"createTime\":\"2023-07-03 16:09:46\",\"delFlag\":\"0\",\"dept\":{\"ancestors\":\"0\",\"children\":[],\"deptId\":100,\"deptName\":\"东软医院\",\"leader\":\"若依\",\"orderNum\":0,\"params\":{},\"parentId\":0,\"status\":\"0\"},\"deptId\":100,\"email\":\"\",\"loginDate\":\"2023-07-03 16:11:22\",\"loginIp\":\"127.0.0.1\",\"nickName\":\"扁鹊\",\"params\":{},\"phonenumber\":\"15663630066\",\"postIds\":[],\"roleIds\":[],\"roles\":[],\"sex\":\"0\",\"status\":\"0\",\"updateBy\":\"admin\",\"userId\":100,\"userName\":\"bianque\"}','{\"msg\":\"操作成功\",\"code\":200}',0,NULL,'2023-07-03 16:30:37',0),(119,'用户管理',2,'org.jshand.web.controller.system.SysUserController.edit()','PUT',1,'admin',NULL,'/system/user','127.0.0.1','内网IP','{\"admin\":false,\"avatar\":\"\",\"createBy\":\"admin\",\"createTime\":\"2023-07-03 16:09:46\",\"delFlag\":\"0\",\"dept\":{\"ancestors\":\"0\",\"children\":[],\"deptId\":100,\"deptName\":\"东软医院\",\"leader\":\"若依\",\"orderNum\":0,\"params\":{},\"parentId\":0,\"status\":\"0\"},\"deptId\":103,\"email\":\"\",\"loginDate\":\"2023-07-03 16:11:22\",\"loginIp\":\"127.0.0.1\",\"nickName\":\"扁鹊\",\"params\":{},\"phonenumber\":\"15663630066\",\"postIds\":[3],\"remark\":\"干活的\",\"roleIds\":[100],\"roles\":[],\"sex\":\"0\",\"status\":\"0\",\"updateBy\":\"admin\",\"userId\":100,\"userName\":\"bianque\"}','{\"msg\":\"操作成功\",\"code\":200}',0,NULL,'2023-07-03 16:30:59',0),(120,'菜单管理',1,'org.jshand.web.controller.system.SysMenuController.add()','POST',1,'admin',NULL,'/system/menu','127.0.0.1','内网IP','{\"children\":[],\"createBy\":\"admin\",\"icon\":\"color\",\"isCache\":\"0\",\"isFrame\":\"1\",\"menuName\":\"门诊医生\",\"menuType\":\"M\",\"orderNum\":3,\"params\":{},\"parentId\":0,\"path\":\"doctor\",\"status\":\"0\",\"visible\":\"0\"}','{\"msg\":\"操作成功\",\"code\":200}',0,NULL,'2023-07-03 16:32:49',0),(121,'菜单管理',2,'org.jshand.web.controller.system.SysMenuController.edit()','PUT',1,'admin',NULL,'/system/menu','127.0.0.1','内网IP','{\"children\":[],\"createTime\":\"2023-07-03 16:32:49\",\"icon\":\"color\",\"isCache\":\"0\",\"isFrame\":\"1\",\"menuId\":2010,\"menuName\":\"门诊医生\",\"menuType\":\"M\",\"orderNum\":1,\"params\":{},\"parentId\":0,\"path\":\"doctor\",\"perms\":\"\",\"status\":\"0\",\"updateBy\":\"admin\",\"visible\":\"0\"}','{\"msg\":\"操作成功\",\"code\":200}',0,NULL,'2023-07-03 16:33:00',0),(122,'菜单管理',2,'org.jshand.web.controller.system.SysMenuController.edit()','PUT',1,'admin',NULL,'/system/menu','127.0.0.1','内网IP','{\"children\":[],\"createTime\":\"2023-07-03 16:32:49\",\"icon\":\"color\",\"isCache\":\"0\",\"isFrame\":\"1\",\"menuId\":2010,\"menuName\":\"门诊医生\",\"menuType\":\"M\",\"orderNum\":0,\"params\":{},\"parentId\":0,\"path\":\"doctor\",\"perms\":\"\",\"status\":\"0\",\"updateBy\":\"admin\",\"visible\":\"0\"}','{\"msg\":\"操作成功\",\"code\":200}',0,NULL,'2023-07-03 16:33:06',0),(123,'菜单管理',1,'org.jshand.web.controller.system.SysMenuController.add()','POST',1,'admin',NULL,'/system/menu','127.0.0.1','内网IP','{\"children\":[],\"component\":\"doctor/home/index\",\"createBy\":\"admin\",\"icon\":\"checkbox\",\"isCache\":\"0\",\"isFrame\":\"1\",\"menuName\":\"病案首页\",\"menuType\":\"C\",\"orderNum\":0,\"params\":{},\"parentId\":2010,\"path\":\"home\",\"perms\":\"doctor:home\",\"status\":\"0\",\"visible\":\"0\"}','{\"msg\":\"操作成功\",\"code\":200}',0,NULL,'2023-07-03 16:33:49',0),(124,'角色管理',1,'org.jshand.web.controller.system.SysRoleController.add()','POST',1,'admin',NULL,'/system/role','127.0.0.1','内网IP','{\"admin\":false,\"createBy\":\"admin\",\"deptCheckStrictly\":true,\"deptIds\":[],\"flag\":false,\"menuCheckStrictly\":true,\"menuIds\":[2010,2011],\"params\":{},\"remark\":\"写病案的\",\"roleId\":101,\"roleKey\":\"doctor\",\"roleName\":\"门诊医生\",\"roleSort\":3,\"status\":\"0\"}','{\"msg\":\"操作成功\",\"code\":200}',0,NULL,'2023-07-03 16:39:41',0),(125,'用户管理',1,'org.jshand.web.controller.system.SysUserController.add()','POST',1,'admin',NULL,'/system/user','127.0.0.1','内网IP','{\"admin\":false,\"createBy\":\"admin\",\"deptId\":102,\"nickName\":\"孙思邈\",\"params\":{},\"postIds\":[],\"roleIds\":[101],\"status\":\"0\",\"userId\":101,\"userName\":\"sunsimiao\"}','{\"msg\":\"操作成功\",\"code\":200}',0,NULL,'2023-07-03 16:40:24',0),(126,'用户管理',2,'org.jshand.web.controller.system.SysUserController.edit()','PUT',1,'admin',NULL,'/system/user','127.0.0.1','内网IP','{\"admin\":false,\"avatar\":\"\",\"createBy\":\"admin\",\"createTime\":\"2023-07-03 16:40:24\",\"delFlag\":\"0\",\"dept\":{\"ancestors\":\"0,100\",\"children\":[],\"deptId\":102,\"deptName\":\"长沙分公司\",\"leader\":\"若依\",\"orderNum\":2,\"params\":{},\"parentId\":100,\"status\":\"0\"},\"deptId\":102,\"email\":\"\",\"loginIp\":\"\",\"nickName\":\"孙思邈\",\"params\":{},\"phonenumber\":\"\",\"postIds\":[2],\"roleIds\":[101],\"roles\":[{\"admin\":false,\"dataScope\":\"1\",\"deptCheckStrictly\":false,\"flag\":false,\"menuCheckStrictly\":false,\"params\":{},\"roleId\":101,\"roleKey\":\"doctor\",\"roleName\":\"门诊医生\",\"roleSort\":3,\"status\":\"0\"}],\"sex\":\"0\",\"status\":\"0\",\"updateBy\":\"admin\",\"userId\":101,\"userName\":\"sunsimiao\"}','{\"msg\":\"操作成功\",\"code\":200}',0,NULL,'2023-07-03 16:40:38',0),(127,'字典类型',1,'org.jshand.web.controller.system.SysDictTypeController.add()','POST',1,'admin',NULL,'/system/dict/type','127.0.0.1','内网IP','{\"createBy\":\"admin\",\"dictName\":\"状态\",\"dictType\":\"sys_s\",\"params\":{},\"status\":\"0\"}','{\"msg\":\"操作成功\",\"code\":200}',0,NULL,'2023-07-03 16:48:38',0),(128,'字典数据',1,'org.jshand.web.controller.system.SysDictDataController.add()','POST',1,'admin',NULL,'/system/dict/data','127.0.0.1','内网IP','{\"createBy\":\"admin\",\"default\":false,\"dictLabel\":\"待诊\",\"dictSort\":0,\"dictType\":\"sys_s\",\"dictValue\":\"1\",\"listClass\":\"success\",\"params\":{},\"status\":\"0\"}','{\"msg\":\"操作成功\",\"code\":200}',0,NULL,'2023-07-03 16:52:32',0),(129,'字典数据',1,'org.jshand.web.controller.system.SysDictDataController.add()','POST',1,'admin',NULL,'/system/dict/data','127.0.0.1','内网IP','{\"createBy\":\"admin\",\"default\":false,\"dictLabel\":\"已接诊\",\"dictSort\":1,\"dictType\":\"sys_s\",\"dictValue\":\"2\",\"listClass\":\"warning\",\"params\":{},\"status\":\"0\"}','{\"msg\":\"操作成功\",\"code\":200}',0,NULL,'2023-07-03 16:52:49',0),(130,'字典数据',1,'org.jshand.web.controller.system.SysDictDataController.add()','POST',1,'admin',NULL,'/system/dict/data','127.0.0.1','内网IP','{\"createBy\":\"admin\",\"default\":false,\"dictLabel\":\"退号\",\"dictSort\":2,\"dictType\":\"sys_s\",\"dictValue\":\"3\",\"listClass\":\"danger\",\"params\":{},\"status\":\"0\"}','{\"msg\":\"操作成功\",\"code\":200}',0,NULL,'2023-07-03 16:53:02',0),(131,'挂号',2,'org.jshand.module.register.controller.RegisterController.edit()','PUT',1,'admin',NULL,'/register/manage','127.0.0.1','内网IP','{\"createBy\":\"admin\",\"createTime\":\"2023-07-03 16:29:05\",\"deptId\":1,\"id\":1,\"name\":\"1\",\"params\":{},\"status\":1,\"updateBy\":\"admin\",\"updateTime\":\"2023-07-03 16:57:30.339\"}','{\"msg\":\"操作成功\",\"code\":200}',0,NULL,'2023-07-03 16:57:30',0),(132,'用户管理',1,'org.jshand.web.controller.system.SysUserController.add()','POST',1,'admin',NULL,'/system/user','127.0.0.1','内网IP','{\"admin\":false,\"createBy\":\"admin\",\"deptId\":101,\"nickName\":\"华佗\",\"params\":{},\"postIds\":[],\"roleIds\":[],\"status\":\"0\",\"userId\":102,\"userName\":\"huatuo\"}','{\"msg\":\"操作成功\",\"code\":200}',0,NULL,'2023-07-03 17:00:20',0),(133,'角色管理',2,'org.jshand.web.controller.system.SysRoleController.edit()','PUT',1,'admin',NULL,'/system/role','127.0.0.1','内网IP','{\"admin\":false,\"createTime\":\"2023-07-03 16:08:40\",\"dataScope\":\"1\",\"delFlag\":\"0\",\"deptCheckStrictly\":true,\"flag\":false,\"menuCheckStrictly\":true,\"menuIds\":[2008,2009],\"params\":{},\"remark\":\"挂号收费员\",\"roleId\":100,\"roleKey\":\"register\",\"roleName\":\"挂号收费员\",\"roleSort\":3,\"status\":\"0\",\"updateBy\":\"admin\"}','{\"msg\":\"操作成功\",\"code\":200}',0,NULL,'2023-07-03 17:01:48',0),(134,'用户管理',2,'org.jshand.web.controller.system.SysUserController.edit()','PUT',1,'admin',NULL,'/system/user','127.0.0.1','内网IP','{\"admin\":false,\"avatar\":\"\",\"createBy\":\"admin\",\"createTime\":\"2023-07-03 17:00:20\",\"delFlag\":\"0\",\"dept\":{\"ancestors\":\"0,100\",\"children\":[],\"deptId\":101,\"deptName\":\"消化科\",\"leader\":\"若依\",\"orderNum\":1,\"params\":{},\"parentId\":100,\"status\":\"0\"},\"deptId\":101,\"email\":\"\",\"loginDate\":\"2023-07-03 17:00:46\",\"loginIp\":\"127.0.0.1\",\"nickName\":\"华佗\",\"params\":{},\"phonenumber\":\"\",\"postIds\":[],\"roleIds\":[101],\"roles\":[],\"sex\":\"0\",\"status\":\"0\",\"updateBy\":\"admin\",\"userId\":102,\"userName\":\"huatuo\"}','{\"msg\":\"操作成功\",\"code\":200}',0,NULL,'2023-07-03 17:01:58',0),(135,'用户管理',2,'org.jshand.web.controller.system.SysUserController.edit()','PUT',1,'admin',NULL,'/system/user','127.0.0.1','内网IP','{\"admin\":false,\"avatar\":\"\",\"createBy\":\"admin\",\"createTime\":\"2023-07-03 16:40:24\",\"delFlag\":\"0\",\"dept\":{\"ancestors\":\"0,100\",\"children\":[],\"deptId\":102,\"deptName\":\"心内科\",\"leader\":\"若依\",\"orderNum\":2,\"params\":{},\"parentId\":100,\"status\":\"0\"},\"deptId\":102,\"email\":\"\",\"loginIp\":\"\",\"nickName\":\"孙思邈\",\"params\":{},\"phonenumber\":\"\",\"postIds\":[2],\"roleIds\":[101],\"roles\":[{\"admin\":false,\"dataScope\":\"1\",\"deptCheckStrictly\":false,\"flag\":false,\"menuCheckStrictly\":false,\"params\":{},\"roleId\":101,\"roleKey\":\"doctor\",\"roleName\":\"门诊医生\",\"roleSort\":3,\"status\":\"0\"}],\"sex\":\"0\",\"status\":\"0\",\"updateBy\":\"admin\",\"userId\":101,\"userName\":\"sunsimiao\"}','{\"msg\":\"操作成功\",\"code\":200}',0,NULL,'2023-07-03 17:02:00',0),(136,'代码生成',6,'org.jshand.module.generator.controller.GenController.importTableSave()','POST',1,'admin',NULL,'/tool/gen/importTable','127.0.0.1','内网IP','\"check_item\"','{\"msg\":\"操作成功\",\"code\":200}',0,NULL,'2023-07-03 18:07:17',0),(137,'代码生成',2,'org.jshand.module.generator.controller.GenController.editSave()','PUT',1,'admin',NULL,'/tool/gen','127.0.0.1','内网IP','{\"businessName\":\"check\",\"className\":\"CheckItem\",\"columns\":[{\"capJavaField\":\"Id\",\"columnComment\":\"id\",\"columnId\":42,\"columnName\":\"id\",\"columnType\":\"int\",\"createBy\":\"admin\",\"createTime\":\"2023-07-03 18:07:17\",\"dictType\":\"\",\"edit\":false,\"htmlType\":\"input\",\"increment\":true,\"insert\":true,\"isIncrement\":\"1\",\"isInsert\":\"1\",\"isList\":\"1\",\"isPk\":\"1\",\"javaField\":\"id\",\"javaType\":\"Long\",\"list\":true,\"params\":{},\"pk\":true,\"query\":false,\"queryType\":\"EQ\",\"required\":false,\"sort\":1,\"superColumn\":false,\"tableId\":3,\"updateBy\":\"\",\"usableColumn\":false},{\"capJavaField\":\"Name\",\"columnComment\":\"检查名称\",\"columnId\":43,\"columnName\":\"NAME\",\"columnType\":\"varchar(100)\",\"createBy\":\"admin\",\"createTime\":\"2023-07-03 18:07:17\",\"dictType\":\"\",\"edit\":true,\"htmlType\":\"input\",\"increment\":false,\"insert\":true,\"isEdit\":\"1\",\"isIncrement\":\"0\",\"isInsert\":\"1\",\"isList\":\"1\",\"isPk\":\"0\",\"isQuery\":\"1\",\"javaField\":\"name\",\"javaType\":\"String\",\"list\":true,\"params\":{},\"pk\":false,\"query\":true,\"queryType\":\"LIKE\",\"required\":false,\"sort\":2,\"superColumn\":false,\"tableId\":3,\"updateBy\":\"\",\"usableColumn\":false},{\"capJavaField\":\"Fee\",\"columnComment\":\"检查费用\",\"columnId\":44,\"columnName\":\"fee\",\"columnType\":\"decimal(8,2)\",\"createBy\":\"admin\",\"createTime\":\"2023-07-03 18:07:17\",\"dictType\":\"\",\"edit\":true,\"htmlType\":\"input\",\"increment\":false,\"insert\":true,\"isEdit\":\"1\",\"isIncrement\":\"0\",\"isInsert\":\"1\",\"isList\":\"1\",\"isPk\":\"0\",\"isQuery\":\"1\",\"javaField\":\"fee\",\"javaType\":\"BigDecimal\",\"list\":true,\"params\":{},\"pk\":false,\"query\":true,\"queryType\":\"EQ\",\"required\":false,\"sort\":3,\"superColumn\":false,\"tableId\":3,\"updateBy\":\"\",\"usableColumn\":false},{\"capJavaField\":\"IsDelete\",\"columnComment\":\"是否有效，0 有效，1失效\",\"columnId\":45,\"columnName\":\"is_delete\",\"columnType\":\"int\",\"createBy\":\"admin\",\"createTime\":\"2023-07-03 18:07:17\",\"dictType\":\"\",\"edit\":false,\"htmlType\":\"input\",\"increment\":false,\"insert\":true,\"isEdit\":\"0\",\"isIncrement\":\"0\",\"isInsert\":\"1\",\"isPk\":\"0\",\"javaField\":\"isDelete\",\"javaType\":\"Long\",\"list\":false,\"params\":{},\"pk\":false,\"query\":false,\"queryType\":\"EQ\",\"requir','{\"msg\":\"操作成功\",\"code\":200}',0,NULL,'2023-07-03 18:10:06',0),(138,'代码生成',6,'org.jshand.module.generator.controller.GenController.importTableSave()','POST',1,'admin',NULL,'/tool/gen/importTable','127.0.0.1','内网IP','\"inspect_item\"','{\"msg\":\"操作成功\",\"code\":200}',0,NULL,'2023-07-03 18:10:19',0),(139,'代码生成',2,'org.jshand.module.generator.controller.GenController.editSave()','PUT',1,'admin',NULL,'/tool/gen','127.0.0.1','内网IP','{\"businessName\":\"check\",\"className\":\"CheckItem\",\"columns\":[{\"capJavaField\":\"Id\",\"columnComment\":\"id\",\"columnId\":42,\"columnName\":\"id\",\"columnType\":\"int\",\"createBy\":\"admin\",\"createTime\":\"2023-07-03 18:07:17\",\"dictType\":\"\",\"edit\":false,\"htmlType\":\"input\",\"increment\":true,\"insert\":true,\"isIncrement\":\"1\",\"isInsert\":\"1\",\"isList\":\"1\",\"isPk\":\"1\",\"javaField\":\"id\",\"javaType\":\"Long\",\"list\":true,\"params\":{},\"pk\":true,\"query\":false,\"queryType\":\"EQ\",\"required\":false,\"sort\":1,\"superColumn\":false,\"tableId\":3,\"updateBy\":\"\",\"updateTime\":\"2023-07-03 18:10:06\",\"usableColumn\":false},{\"capJavaField\":\"Name\",\"columnComment\":\"检查名称\",\"columnId\":43,\"columnName\":\"NAME\",\"columnType\":\"varchar(100)\",\"createBy\":\"admin\",\"createTime\":\"2023-07-03 18:07:17\",\"dictType\":\"\",\"edit\":true,\"htmlType\":\"input\",\"increment\":false,\"insert\":true,\"isEdit\":\"1\",\"isIncrement\":\"0\",\"isInsert\":\"1\",\"isList\":\"1\",\"isPk\":\"0\",\"isQuery\":\"1\",\"javaField\":\"name\",\"javaType\":\"String\",\"list\":true,\"params\":{},\"pk\":false,\"query\":true,\"queryType\":\"LIKE\",\"required\":false,\"sort\":2,\"superColumn\":false,\"tableId\":3,\"updateBy\":\"\",\"updateTime\":\"2023-07-03 18:10:06\",\"usableColumn\":false},{\"capJavaField\":\"Fee\",\"columnComment\":\"检查费用\",\"columnId\":44,\"columnName\":\"fee\",\"columnType\":\"decimal(8,2)\",\"createBy\":\"admin\",\"createTime\":\"2023-07-03 18:07:17\",\"dictType\":\"\",\"edit\":true,\"htmlType\":\"input\",\"increment\":false,\"insert\":true,\"isEdit\":\"1\",\"isIncrement\":\"0\",\"isInsert\":\"1\",\"isList\":\"1\",\"isPk\":\"0\",\"isQuery\":\"1\",\"javaField\":\"fee\",\"javaType\":\"BigDecimal\",\"list\":true,\"params\":{},\"pk\":false,\"query\":true,\"queryType\":\"EQ\",\"required\":false,\"sort\":3,\"superColumn\":false,\"tableId\":3,\"updateBy\":\"\",\"updateTime\":\"2023-07-03 18:10:06\",\"usableColumn\":false},{\"capJavaField\":\"IsDelete\",\"columnComment\":\"是否有效，0 有效，1失效\",\"columnId\":45,\"columnName\":\"is_delete\",\"columnType\":\"int\",\"createBy\":\"admin\",\"createTime\":\"2023-07-03 18:07:17\",\"dictType\":\"\",\"edit\":false,\"htmlType\":\"input\",\"increment\":false,\"insert\":true,\"isEdit\":\"0\",\"isIncrement\":\"0\",\"isInsert\":\"1\",\"isPk\":\"0\",\"javaField','{\"msg\":\"操作成功\",\"code\":200}',0,NULL,'2023-07-03 18:10:50',0),(140,'代码生成',2,'org.jshand.module.generator.controller.GenController.editSave()','PUT',1,'admin',NULL,'/tool/gen','127.0.0.1','内网IP','{\"businessName\":\"inspect\",\"className\":\"InspectItem\",\"columns\":[{\"capJavaField\":\"Id\",\"columnComment\":\"id\",\"columnId\":51,\"columnName\":\"id\",\"columnType\":\"int\",\"createBy\":\"admin\",\"createTime\":\"2023-07-03 18:10:19\",\"dictType\":\"\",\"edit\":false,\"htmlType\":\"input\",\"increment\":true,\"insert\":true,\"isIncrement\":\"1\",\"isInsert\":\"1\",\"isList\":\"1\",\"isPk\":\"1\",\"javaField\":\"id\",\"javaType\":\"Long\",\"list\":true,\"params\":{},\"pk\":true,\"query\":false,\"queryType\":\"EQ\",\"required\":false,\"sort\":1,\"superColumn\":false,\"tableId\":4,\"updateBy\":\"\",\"usableColumn\":false},{\"capJavaField\":\"Name\",\"columnComment\":\"检查名称\",\"columnId\":52,\"columnName\":\"NAME\",\"columnType\":\"varchar(100)\",\"createBy\":\"admin\",\"createTime\":\"2023-07-03 18:10:19\",\"dictType\":\"\",\"edit\":true,\"htmlType\":\"input\",\"increment\":false,\"insert\":true,\"isEdit\":\"1\",\"isIncrement\":\"0\",\"isInsert\":\"1\",\"isList\":\"1\",\"isPk\":\"0\",\"isQuery\":\"1\",\"javaField\":\"name\",\"javaType\":\"String\",\"list\":true,\"params\":{},\"pk\":false,\"query\":true,\"queryType\":\"LIKE\",\"required\":false,\"sort\":2,\"superColumn\":false,\"tableId\":4,\"updateBy\":\"\",\"usableColumn\":false},{\"capJavaField\":\"Fee\",\"columnComment\":\"检查费用\",\"columnId\":53,\"columnName\":\"fee\",\"columnType\":\"decimal(8,2)\",\"createBy\":\"admin\",\"createTime\":\"2023-07-03 18:10:19\",\"dictType\":\"\",\"edit\":true,\"htmlType\":\"input\",\"increment\":false,\"insert\":true,\"isEdit\":\"1\",\"isIncrement\":\"0\",\"isInsert\":\"1\",\"isList\":\"1\",\"isPk\":\"0\",\"isQuery\":\"1\",\"javaField\":\"fee\",\"javaType\":\"BigDecimal\",\"list\":true,\"params\":{},\"pk\":false,\"query\":true,\"queryType\":\"EQ\",\"required\":false,\"sort\":3,\"superColumn\":false,\"tableId\":4,\"updateBy\":\"\",\"usableColumn\":false},{\"capJavaField\":\"IsDelete\",\"columnComment\":\"是否有效，0 有效，1失效\",\"columnId\":54,\"columnName\":\"is_delete\",\"columnType\":\"int\",\"createBy\":\"admin\",\"createTime\":\"2023-07-03 18:10:19\",\"dictType\":\"\",\"edit\":true,\"htmlType\":\"input\",\"increment\":false,\"insert\":true,\"isEdit\":\"1\",\"isIncrement\":\"0\",\"isInsert\":\"1\",\"isPk\":\"0\",\"javaField\":\"isDelete\",\"javaType\":\"Long\",\"list\":false,\"params\":{},\"pk\":false,\"query\":false,\"queryType\":\"EQ\",\"req','{\"msg\":\"操作成功\",\"code\":200}',0,NULL,'2023-07-03 18:12:54',0),(141,'代码生成',8,'org.jshand.module.generator.controller.GenController.batchGenCode()','GET',1,'admin',NULL,'/tool/gen/batchGenCode','127.0.0.1','内网IP','{\"tables\":\"check_item\"}',NULL,0,NULL,'2023-07-03 18:44:43',0),(142,'代码生成',8,'org.jshand.module.generator.controller.GenController.batchGenCode()','GET',1,'admin',NULL,'/tool/gen/batchGenCode','127.0.0.1','内网IP','{\"tables\":\"inspect_item\"}',NULL,0,NULL,'2023-07-03 18:44:44',0),(143,'菜单管理',2,'org.jshand.web.controller.system.SysMenuController.edit()','PUT',1,'admin',NULL,'/system/menu','127.0.0.1','内网IP','{\"children\":[],\"component\":\"data/level/index\",\"createTime\":\"2023-07-03 16:00:37\",\"icon\":\"rate\",\"isCache\":\"0\",\"isFrame\":\"1\",\"menuId\":2002,\"menuName\":\"挂号级别\",\"menuType\":\"C\",\"orderNum\":1,\"params\":{},\"parentId\":2000,\"path\":\"level\",\"perms\":\"data:level:list\",\"status\":\"0\",\"updateBy\":\"admin\",\"visible\":\"0\"}','{\"msg\":\"操作成功\",\"code\":200}',0,NULL,'2023-07-03 18:49:47',0),(144,'菜单管理',2,'org.jshand.web.controller.system.SysMenuController.edit()','PUT',1,'admin',NULL,'/system/menu','127.0.0.1','内网IP','{\"children\":[],\"component\":\"data/check/index\",\"createTime\":\"2023-07-03 18:47:54\",\"icon\":\"edit\",\"isCache\":\"0\",\"isFrame\":\"1\",\"menuId\":2012,\"menuName\":\"检查项目管理\",\"menuType\":\"C\",\"orderNum\":1,\"params\":{},\"parentId\":2000,\"path\":\"check\",\"perms\":\"data:check:list\",\"status\":\"0\",\"updateBy\":\"admin\",\"visible\":\"0\"}','{\"msg\":\"操作成功\",\"code\":200}',0,NULL,'2023-07-03 18:50:11',0),(145,'菜单管理',2,'org.jshand.web.controller.system.SysMenuController.edit()','PUT',1,'admin',NULL,'/system/menu','127.0.0.1','内网IP','{\"children\":[],\"component\":\"data/check/index\",\"createTime\":\"2023-07-03 18:47:54\",\"icon\":\"guide\",\"isCache\":\"0\",\"isFrame\":\"1\",\"menuId\":2012,\"menuName\":\"检查项目管理\",\"menuType\":\"C\",\"orderNum\":1,\"params\":{},\"parentId\":2000,\"path\":\"check\",\"perms\":\"data:check:list\",\"status\":\"0\",\"updateBy\":\"admin\",\"visible\":\"0\"}','{\"msg\":\"操作成功\",\"code\":200}',0,NULL,'2023-07-03 18:50:33',0),(146,'检查',1,'org.jshand.module.data.controller.CheckItemController.add()','POST',1,'admin',NULL,'/data/check','127.0.0.1','内网IP','{\"createBy\":\"admin\",\"createTime\":\"2023-07-03 18:51:10.034\",\"fee\":200,\"id\":1,\"name\":\"CT平扫\",\"params\":{}}','{\"msg\":\"操作成功\",\"code\":200}',0,NULL,'2023-07-03 18:51:10',0),(147,'代码生成',8,'org.jshand.module.generator.controller.GenController.batchGenCode()','GET',1,'admin',NULL,'/tool/gen/batchGenCode','127.0.0.1','内网IP','{\"tables\":\"inspect_item\"}',NULL,0,NULL,'2023-07-03 18:54:17',0),(148,'菜单管理',2,'org.jshand.web.controller.system.SysMenuController.edit()','PUT',1,'admin',NULL,'/system/menu','127.0.0.1','内网IP','{\"children\":[],\"component\":\"data/inspect/index\",\"createTime\":\"2023-07-03 18:58:47\",\"icon\":\"icon\",\"isCache\":\"0\",\"isFrame\":\"1\",\"menuId\":2018,\"menuName\":\"检验项目管理\",\"menuType\":\"C\",\"orderNum\":1,\"params\":{},\"parentId\":2000,\"path\":\"inspect\",\"perms\":\"data:inspect:list\",\"status\":\"0\",\"updateBy\":\"admin\",\"visible\":\"0\"}','{\"msg\":\"操作成功\",\"code\":200}',0,NULL,'2023-07-03 19:02:19',0),(149,'检验',1,'org.jshand.module.data.controller.InspectItemController.add()','POST',1,'admin',NULL,'/data/inspect','127.0.0.1','内网IP','{\"createBy\":\"admin\",\"createTime\":\"2023-07-03 19:02:54.077\",\"fee\":80,\"id\":1,\"name\":\"血常规\",\"params\":{}}','{\"msg\":\"操作成功\",\"code\":200}',0,NULL,'2023-07-03 19:02:54',0),(150,'检验',1,'org.jshand.module.data.controller.InspectItemController.add()','POST',1,'admin',NULL,'/data/inspect','127.0.0.1','内网IP','{\"createBy\":\"admin\",\"createTime\":\"2023-07-03 19:03:08.093\",\"fee\":180,\"id\":2,\"name\":\"肝肾功能\",\"params\":{}}','{\"msg\":\"操作成功\",\"code\":200}',0,NULL,'2023-07-03 19:03:08',0),(151,'代码生成',6,'org.jshand.module.generator.controller.GenController.importTableSave()','POST',1,'admin',NULL,'/tool/gen/importTable','127.0.0.1','内网IP','\"check_apply\"','{\"msg\":\"操作成功\",\"code\":200}',0,NULL,'2023-07-03 19:09:38',0),(152,'菜单管理',1,'org.jshand.web.controller.system.SysMenuController.add()','POST',1,'admin',NULL,'/system/menu','127.0.0.1','内网IP','{\"children\":[],\"createBy\":\"admin\",\"icon\":\"component\",\"isCache\":\"0\",\"isFrame\":\"1\",\"menuName\":\"医技医生\",\"menuType\":\"M\",\"orderNum\":0,\"params\":{},\"parentId\":0,\"path\":\"clipboard\",\"status\":\"0\",\"visible\":\"0\"}','{\"msg\":\"操作成功\",\"code\":200}',0,NULL,'2023-07-03 19:21:58',0),(153,'挂号',2,'org.jshand.module.register.controller.RegisterController.edit()','PUT',1,'admin',NULL,'/register/manage','127.0.0.1','内网IP','{\"age\":15,\"createBy\":\"admin\",\"createTime\":\"2023-07-03 16:29:05\",\"deptId\":101,\"id\":1,\"name\":\"1\",\"params\":{},\"status\":1,\"updateBy\":\"admin\",\"updateTime\":\"2023-07-04 08:33:48.219\"}','{\"msg\":\"操作成功\",\"code\":200}',0,NULL,'2023-07-04 08:33:48',0),(154,'挂号',2,'org.jshand.module.register.controller.RegisterController.edit()','PUT',1,'admin',NULL,'/register/manage','127.0.0.1','内网IP','{\"age\":16,\"createBy\":\"admin\",\"createTime\":\"2023-07-03 16:29:31\",\"deptId\":102,\"id\":2,\"name\":\"离\",\"params\":{},\"status\":2,\"updateBy\":\"admin\",\"updateTime\":\"2023-07-04 08:33:52.914\"}','{\"msg\":\"操作成功\",\"code\":200}',0,NULL,'2023-07-04 08:33:52',0),(155,'用户管理',2,'org.jshand.web.controller.system.SysUserController.edit()','PUT',1,'admin',NULL,'/system/user','127.0.0.1','内网IP','{\"admin\":false,\"avatar\":\"\",\"createBy\":\"admin\",\"createTime\":\"2023-07-03 16:40:24\",\"delFlag\":\"0\",\"dept\":{\"ancestors\":\"0,100\",\"children\":[],\"deptId\":102,\"deptName\":\"心内科\",\"leader\":\"若依\",\"orderNum\":2,\"params\":{},\"parentId\":100,\"status\":\"0\"},\"deptId\":102,\"email\":\"\",\"loginIp\":\"\",\"nickName\":\"孙思邈\",\"params\":{},\"phonenumber\":\"\",\"postIds\":[2],\"roleIds\":[101],\"roles\":[{\"admin\":false,\"dataScope\":\"1\",\"deptCheckStrictly\":false,\"flag\":false,\"menuCheckStrictly\":false,\"params\":{},\"roleId\":101,\"roleKey\":\"doctor\",\"roleName\":\"门诊医生\",\"roleSort\":3,\"status\":\"0\"}],\"sex\":\"0\",\"status\":\"0\",\"updateBy\":\"admin\",\"userId\":101,\"userName\":\"sunsimiao\"}','{\"msg\":\"操作成功\",\"code\":200}',0,NULL,'2023-07-04 10:12:21',0),(156,'菜单管理',1,'org.jshand.web.controller.system.SysMenuController.add()','POST',1,'admin',NULL,'/system/menu','127.0.0.1','内网IP','{\"children\":[],\"createBy\":\"admin\",\"isCache\":\"0\",\"isFrame\":\"1\",\"menuName\":\"查询患者列表\",\"menuType\":\"F\",\"orderNum\":2,\"params\":{},\"parentId\":2009,\"perms\":\"register:manage:listRegister\",\"status\":\"0\",\"visible\":\"0\"}','{\"msg\":\"操作成功\",\"code\":200}',0,NULL,'2023-07-04 10:17:03',0),(157,'菜单管理',2,'org.jshand.web.controller.system.SysMenuController.edit()','PUT',1,'admin',NULL,'/system/menu','127.0.0.1','内网IP','{\"children\":[],\"createTime\":\"2023-07-04 10:17:03\",\"icon\":\"#\",\"isCache\":\"0\",\"isFrame\":\"1\",\"menuId\":2025,\"menuName\":\"查询患者列表\",\"menuType\":\"F\",\"orderNum\":2,\"params\":{},\"parentId\":2011,\"path\":\"\",\"perms\":\"register:manage:listRegister\",\"status\":\"0\",\"updateBy\":\"admin\",\"visible\":\"0\"}','{\"msg\":\"操作成功\",\"code\":200}',0,NULL,'2023-07-04 10:17:34',0),(158,'角色管理',2,'org.jshand.web.controller.system.SysRoleController.edit()','PUT',1,'admin',NULL,'/system/role','127.0.0.1','内网IP','{\"admin\":false,\"createTime\":\"2023-07-03 16:39:41\",\"dataScope\":\"1\",\"delFlag\":\"0\",\"deptCheckStrictly\":true,\"flag\":false,\"menuCheckStrictly\":true,\"menuIds\":[2010,2011,2025],\"params\":{},\"remark\":\"写病案的\",\"roleId\":101,\"roleKey\":\"doctor\",\"roleName\":\"门诊医生\",\"roleSort\":3,\"status\":\"0\",\"updateBy\":\"admin\"}','{\"msg\":\"操作成功\",\"code\":200}',0,NULL,'2023-07-04 10:17:45',0),(159,'挂号',1,'org.jshand.module.register.controller.RegisterController.add()','POST',1,'admin',NULL,'/register/manage','127.0.0.1','内网IP','{\"book\":1,\"createBy\":\"admin\",\"createTime\":\"2023-07-04 10:33:32.777\",\"deptId\":101,\"doctorId\":101,\"gender\":1,\"id\":4,\"idno\":\"123\",\"name\":\"吴\",\"params\":{},\"status\":1}','{\"msg\":\"操作成功\",\"code\":200}',0,NULL,'2023-07-04 10:33:32',0),(160,'代码生成',2,'org.jshand.module.generator.controller.GenController.editSave()','PUT',1,'admin',NULL,'/tool/gen','127.0.0.1','内网IP','{\"businessName\":\"checkapply\",\"className\":\"CheckApply\",\"columns\":[{\"capJavaField\":\"Id\",\"columnComment\":\"id\",\"columnId\":60,\"columnName\":\"id\",\"columnType\":\"int\",\"createBy\":\"admin\",\"createTime\":\"2023-07-03 19:09:38\",\"dictType\":\"\",\"edit\":false,\"htmlType\":\"input\",\"increment\":true,\"insert\":true,\"isIncrement\":\"1\",\"isInsert\":\"1\",\"isPk\":\"1\",\"javaField\":\"id\",\"javaType\":\"Long\",\"list\":false,\"params\":{},\"pk\":true,\"query\":false,\"queryType\":\"EQ\",\"required\":false,\"sort\":1,\"superColumn\":false,\"tableId\":5,\"updateBy\":\"\",\"usableColumn\":false},{\"capJavaField\":\"RegisterId\",\"columnComment\":\"病历号\",\"columnId\":61,\"columnName\":\"register_id\",\"columnType\":\"int\",\"createBy\":\"admin\",\"createTime\":\"2023-07-03 19:09:38\",\"dictType\":\"\",\"edit\":true,\"htmlType\":\"input\",\"increment\":false,\"insert\":true,\"isEdit\":\"1\",\"isIncrement\":\"0\",\"isInsert\":\"1\",\"isList\":\"0\",\"isPk\":\"0\",\"isQuery\":\"0\",\"javaField\":\"registerId\",\"javaType\":\"Long\",\"list\":false,\"params\":{},\"pk\":false,\"query\":false,\"queryType\":\"EQ\",\"required\":false,\"sort\":2,\"superColumn\":false,\"tableId\":5,\"updateBy\":\"\",\"usableColumn\":false},{\"capJavaField\":\"ItemId\",\"columnComment\":\"项目id\",\"columnId\":62,\"columnName\":\"item_id\",\"columnType\":\"int\",\"createBy\":\"admin\",\"createTime\":\"2023-07-03 19:09:38\",\"dictType\":\"\",\"edit\":true,\"htmlType\":\"input\",\"increment\":false,\"insert\":true,\"isEdit\":\"1\",\"isIncrement\":\"0\",\"isInsert\":\"1\",\"isList\":\"0\",\"isPk\":\"0\",\"isQuery\":\"0\",\"javaField\":\"itemId\",\"javaType\":\"Long\",\"list\":false,\"params\":{},\"pk\":false,\"query\":false,\"queryType\":\"EQ\",\"required\":false,\"sort\":3,\"superColumn\":false,\"tableId\":5,\"updateBy\":\"\",\"usableColumn\":false},{\"capJavaField\":\"ItemName\",\"columnComment\":\"项目名称\",\"columnId\":63,\"columnName\":\"item_name\",\"columnType\":\"varchar(100)\",\"createBy\":\"admin\",\"createTime\":\"2023-07-03 19:09:38\",\"dictType\":\"\",\"edit\":true,\"htmlType\":\"input\",\"increment\":false,\"insert\":true,\"isEdit\":\"1\",\"isIncrement\":\"0\",\"isInsert\":\"1\",\"isList\":\"1\",\"isPk\":\"0\",\"isQuery\":\"1\",\"javaField\":\"itemName\",\"javaType\":\"String\",\"list\":true,\"params\":{},\"pk\":false,\"query\":true,','{\"msg\":\"操作成功\",\"code\":200}',0,NULL,'2023-07-04 10:56:24',0),(161,'菜单管理',3,'org.jshand.web.controller.system.SysMenuController.remove()','DELETE',1,'admin',NULL,'/system/menu/2026','127.0.0.1','内网IP','{}','{\"msg\":\"存在子菜单,不允许删除\",\"code\":601}',0,NULL,'2023-07-04 12:16:17',0),(162,'菜单管理',3,'org.jshand.web.controller.system.SysMenuController.remove()','DELETE',1,'admin',NULL,'/system/menu/2027','127.0.0.1','内网IP','{}','{\"msg\":\"操作成功\",\"code\":200}',0,NULL,'2023-07-04 12:16:22',0),(163,'菜单管理',2,'org.jshand.web.controller.system.SysMenuController.edit()','PUT',1,'admin',NULL,'/system/menu','127.0.0.1','内网IP','{\"children\":[],\"component\":\"register/register/index\",\"createTime\":\"2023-07-03 16:21:31\",\"icon\":\"button\",\"isCache\":\"0\",\"isFrame\":\"1\",\"menuId\":2009,\"menuName\":\"挂号\",\"menuType\":\"C\",\"orderNum\":0,\"params\":{},\"parentId\":2008,\"path\":\"register\",\"perms\":\"register:manage:list\",\"status\":\"0\",\"updateBy\":\"admin\",\"visible\":\"0\"}','{\"msg\":\"操作成功\",\"code\":200}',0,NULL,'2023-07-04 13:12:22',0),(164,'菜单管理',2,'org.jshand.web.controller.system.SysMenuController.edit()','PUT',1,'admin',NULL,'/system/menu','127.0.0.1','内网IP','{\"children\":[],\"component\":\"register/register/index\",\"createTime\":\"2023-07-03 16:21:31\",\"icon\":\"button\",\"isCache\":\"0\",\"isFrame\":\"1\",\"menuId\":2009,\"menuName\":\"挂号\",\"menuType\":\"C\",\"orderNum\":0,\"params\":{},\"parentId\":2008,\"path\":\"register\",\"perms\":\"register:register:list\",\"status\":\"0\",\"updateBy\":\"admin\",\"visible\":\"0\"}','{\"msg\":\"操作成功\",\"code\":200}',0,NULL,'2023-07-04 13:12:55',0),(165,'菜单管理',2,'org.jshand.web.controller.system.SysMenuController.edit()','PUT',1,'admin',NULL,'/system/menu','127.0.0.1','内网IP','{\"children\":[],\"component\":\"registe/register/index\",\"createTime\":\"2023-07-03 16:21:31\",\"icon\":\"button\",\"isCache\":\"0\",\"isFrame\":\"1\",\"menuId\":2009,\"menuName\":\"挂号\",\"menuType\":\"C\",\"orderNum\":0,\"params\":{},\"parentId\":2008,\"path\":\"register\",\"perms\":\"registe:register:list\",\"status\":\"0\",\"updateBy\":\"admin\",\"visible\":\"0\"}','{\"msg\":\"操作成功\",\"code\":200}',0,NULL,'2023-07-04 13:14:15',0),(166,'菜单管理',2,'org.jshand.web.controller.system.SysMenuController.edit()','PUT',1,'admin',NULL,'/system/menu','127.0.0.1','内网IP','{\"children\":[],\"component\":\"system/file_info/index\",\"createTime\":\"2023-07-04 12:12:51\",\"icon\":\"color\",\"isCache\":\"0\",\"isFrame\":\"1\",\"menuId\":2026,\"menuName\":\"文件信息\",\"menuType\":\"C\",\"orderNum\":1,\"params\":{},\"parentId\":1,\"path\":\"file_info\",\"perms\":\"system:file_info:list\",\"status\":\"0\",\"updateBy\":\"admin\",\"visible\":\"0\"}','{\"msg\":\"操作成功\",\"code\":200}',0,NULL,'2023-07-04 13:15:04',0),(167,'菜单管理',1,'org.jshand.web.controller.system.SysMenuController.add()','POST',1,'admin',NULL,'/system/menu','127.0.0.1','内网IP','{\"children\":[],\"component\":\"registe/fee/index.vue\",\"createBy\":\"admin\",\"icon\":\"chart\",\"isCache\":\"0\",\"isFrame\":\"1\",\"menuName\":\"挂号收费\",\"menuType\":\"C\",\"orderNum\":1,\"params\":{},\"parentId\":2008,\"path\":\"fee\",\"perms\":\"registe:register:fee\",\"status\":\"0\",\"visible\":\"0\"}','{\"msg\":\"操作成功\",\"code\":200}',0,NULL,'2023-07-04 13:15:59',0),(168,'菜单管理',2,'org.jshand.web.controller.system.SysMenuController.edit()','PUT',1,'admin',NULL,'/system/menu','127.0.0.1','内网IP','{\"children\":[],\"component\":\"registe/fee/index.vue\",\"createTime\":\"2023-07-04 13:15:59\",\"icon\":\"chart\",\"isCache\":\"0\",\"isFrame\":\"1\",\"menuId\":2032,\"menuName\":\"收费\",\"menuType\":\"C\",\"orderNum\":1,\"params\":{},\"parentId\":2008,\"path\":\"fee\",\"perms\":\"registe:register:fee\",\"status\":\"0\",\"updateBy\":\"admin\",\"visible\":\"0\"}','{\"msg\":\"操作成功\",\"code\":200}',0,NULL,'2023-07-04 13:16:07',0),(169,'菜单管理',1,'org.jshand.web.controller.system.SysMenuController.add()','POST',1,'admin',NULL,'/system/menu','127.0.0.1','内网IP','{\"children\":[],\"component\":\"registe/fee/refund.vue\",\"createBy\":\"admin\",\"icon\":\"drag\",\"isCache\":\"0\",\"isFrame\":\"1\",\"menuName\":\"退费\",\"menuType\":\"C\",\"orderNum\":2,\"params\":{},\"parentId\":2008,\"path\":\"refund\",\"perms\":\"registe:register:refund\",\"status\":\"0\",\"visible\":\"0\"}','{\"msg\":\"操作成功\",\"code\":200}',0,NULL,'2023-07-04 13:18:12',0),(170,'菜单管理',1,'org.jshand.web.controller.system.SysMenuController.add()','POST',1,'admin',NULL,'/system/menu','127.0.0.1','内网IP','{\"children\":[],\"component\":\"registe/register/revert\",\"createBy\":\"admin\",\"icon\":\"download\",\"isCache\":\"0\",\"isFrame\":\"1\",\"menuName\":\"退号\",\"menuType\":\"C\",\"orderNum\":3,\"params\":{},\"parentId\":2008,\"path\":\"revert\",\"perms\":\"registe:register:revert\",\"status\":\"0\",\"visible\":\"0\"}','{\"msg\":\"操作成功\",\"code\":200}',0,NULL,'2023-07-04 13:19:57',0),(171,'菜单管理',2,'org.jshand.web.controller.system.SysMenuController.edit()','PUT',1,'admin',NULL,'/system/menu','127.0.0.1','内网IP','{\"children\":[],\"component\":\"registe/registlevel/index\",\"createTime\":\"2023-07-03 16:00:37\",\"icon\":\"rate\",\"isCache\":\"0\",\"isFrame\":\"1\",\"menuId\":2002,\"menuName\":\"挂号级别\",\"menuType\":\"C\",\"orderNum\":1,\"params\":{},\"parentId\":2000,\"path\":\"registlevel\",\"perms\":\"registe:registlevel:list\",\"status\":\"0\",\"updateBy\":\"admin\",\"visible\":\"0\"}','{\"msg\":\"操作成功\",\"code\":200}',0,NULL,'2023-07-04 13:22:17',0),(172,'菜单管理',2,'org.jshand.web.controller.system.SysMenuController.edit()','PUT',1,'admin',NULL,'/system/menu','127.0.0.1','内网IP','{\"children\":[],\"component\":\"commondata/check_item/index\",\"createTime\":\"2023-07-03 18:47:54\",\"icon\":\"guide\",\"isCache\":\"0\",\"isFrame\":\"1\",\"menuId\":2012,\"menuName\":\"检查项目管理\",\"menuType\":\"C\",\"orderNum\":1,\"params\":{},\"parentId\":2000,\"path\":\"check_item\",\"perms\":\"commondata:check_item:list\",\"status\":\"0\",\"updateBy\":\"admin\",\"visible\":\"0\"}','{\"msg\":\"操作成功\",\"code\":200}',0,NULL,'2023-07-04 13:22:37',0),(173,'菜单管理',2,'org.jshand.web.controller.system.SysMenuController.edit()','PUT',1,'admin',NULL,'/system/menu','127.0.0.1','内网IP','{\"children\":[],\"component\":\"commondata/inspect_item/index\",\"createTime\":\"2023-07-03 18:58:47\",\"icon\":\"icon\",\"isCache\":\"0\",\"isFrame\":\"1\",\"menuId\":2018,\"menuName\":\"检验项目管理\",\"menuType\":\"C\",\"orderNum\":1,\"params\":{},\"parentId\":2000,\"path\":\"inspect_item\",\"perms\":\"commondata:inspect_item:list\",\"status\":\"0\",\"updateBy\":\"admin\",\"visible\":\"0\"}','{\"msg\":\"操作成功\",\"code\":200}',0,NULL,'2023-07-04 13:22:50',0),(174,'菜单管理',1,'org.jshand.web.controller.system.SysMenuController.add()','POST',1,'admin',NULL,'/system/menu','127.0.0.1','内网IP','{\"children\":[],\"icon\":\"logininfor\",\"isCache\":\"0\",\"isFrame\":\"1\",\"menuName\":\"医技医生\",\"menuType\":\"M\",\"orderNum\":0,\"params\":{},\"parentId\":0,\"path\":\"clipboard\",\"status\":\"0\",\"visible\":\"0\"}','{\"msg\":\"新增菜单\'医技医生\'失败，菜单名称已存在\",\"code\":500}',0,NULL,'2023-07-04 13:25:48',0),(175,'菜单管理',2,'org.jshand.web.controller.system.SysMenuController.edit()','PUT',1,'admin',NULL,'/system/menu','127.0.0.1','内网IP','{\"children\":[],\"createTime\":\"2023-07-03 19:21:57\",\"icon\":\"component\",\"isCache\":\"0\",\"isFrame\":\"1\",\"menuId\":2024,\"menuName\":\"医技医生\",\"menuType\":\"M\",\"orderNum\":0,\"params\":{},\"parentId\":0,\"path\":\"clipboard\",\"perms\":\"\",\"status\":\"0\",\"updateBy\":\"admin\",\"visible\":\"0\"}','{\"msg\":\"操作成功\",\"code\":200}',0,NULL,'2023-07-04 13:25:57',0),(176,'菜单管理',1,'org.jshand.web.controller.system.SysMenuController.add()','POST',1,'admin',NULL,'/system/menu','127.0.0.1','内网IP','{\"children\":[],\"component\":\"medical_technology/index\",\"createBy\":\"admin\",\"icon\":\"people\",\"isCache\":\"0\",\"isFrame\":\"1\",\"menuName\":\"医技处理\",\"menuType\":\"C\",\"orderNum\":0,\"params\":{},\"parentId\":2024,\"path\":\"medical_technology\",\"perms\":\"medical_technology:deal\",\"status\":\"0\",\"visible\":\"0\"}','{\"msg\":\"操作成功\",\"code\":200}',0,NULL,'2023-07-04 13:26:39',0),(177,'诊疗信息',2,'org.jshand.module.doctor.controller.DoctorController.saveRegister()','PUT',1,'sunsimiao',NULL,'/doctor/saveRegister','127.0.0.1','内网IP','{\"id\":4,\"present\":\"f\",\"presentTreat\":\"f\",\"readme\":\"f\",\"status\":2}','{\"code\":200,\"data\":true,\"message\":\"操作成功\"}',0,NULL,'2023-07-04 13:28:06',0),(178,'用户管理',1,'org.jshand.web.controller.system.SysUserController.add()','POST',1,'admin',NULL,'/system/user','127.0.0.1','内网IP','{\"admin\":false,\"createBy\":\"admin\",\"nickName\":\"医技医生\",\"params\":{},\"postIds\":[],\"roleIds\":[],\"status\":\"0\",\"userId\":103,\"userName\":\"yiji\"}','{\"msg\":\"操作成功\",\"code\":200}',0,NULL,'2023-07-04 13:29:58',0),(179,'菜单管理',1,'org.jshand.web.controller.system.SysMenuController.add()','POST',1,'admin',NULL,'/system/menu','127.0.0.1','内网IP','{\"children\":[],\"createBy\":\"admin\",\"isCache\":\"0\",\"isFrame\":\"1\",\"menuName\":\"查询检查申请列表关联患者\",\"menuType\":\"F\",\"orderNum\":1,\"params\":{},\"parentId\":2035,\"perms\":\"doctor:apply:listByRegister\",\"status\":\"0\",\"visible\":\"0\"}','{\"msg\":\"操作成功\",\"code\":200}',0,NULL,'2023-07-04 13:31:48',0),(180,'菜单管理',1,'org.jshand.web.controller.system.SysMenuController.add()','POST',1,'admin',NULL,'/system/menu','127.0.0.1','内网IP','{\"children\":[],\"createBy\":\"admin\",\"isCache\":\"0\",\"isFrame\":\"1\",\"menuName\":\"获取检查申请详细信息\",\"menuType\":\"F\",\"orderNum\":2,\"params\":{},\"parentId\":2035,\"perms\":\"doctor:apply:query\",\"status\":\"0\",\"visible\":\"0\"}','{\"msg\":\"操作成功\",\"code\":200}',0,NULL,'2023-07-04 13:32:12',0),(181,'角色管理',1,'org.jshand.web.controller.system.SysRoleController.add()','POST',1,'admin',NULL,'/system/role','127.0.0.1','内网IP','{\"admin\":false,\"createBy\":\"admin\",\"deptCheckStrictly\":true,\"deptIds\":[],\"flag\":false,\"menuCheckStrictly\":true,\"menuIds\":[2024,2035,2036,2037],\"params\":{},\"roleId\":102,\"roleKey\":\"medical_technology\",\"roleName\":\"医技医生\",\"roleSort\":5,\"status\":\"0\"}','{\"msg\":\"操作成功\",\"code\":200}',0,NULL,'2023-07-04 13:32:48',0),(182,'用户管理',2,'org.jshand.web.controller.system.SysUserController.edit()','PUT',1,'admin',NULL,'/system/user','127.0.0.1','内网IP','{\"admin\":false,\"avatar\":\"\",\"createBy\":\"admin\",\"createTime\":\"2023-07-04 13:29:58\",\"delFlag\":\"0\",\"deptId\":100,\"email\":\"\",\"loginIp\":\"\",\"nickName\":\"医技医生\",\"params\":{},\"phonenumber\":\"\",\"postIds\":[],\"registLevel\":1,\"roleIds\":[],\"roles\":[],\"sex\":\"2\",\"status\":\"0\",\"updateBy\":\"admin\",\"userId\":103,\"userName\":\"yiji\"}','{\"msg\":\"操作成功\",\"code\":200}',0,NULL,'2023-07-04 13:33:20',0),(183,'用户管理',2,'org.jshand.web.controller.system.SysUserController.edit()','PUT',1,'admin',NULL,'/system/user','127.0.0.1','内网IP','{\"admin\":false,\"avatar\":\"\",\"createBy\":\"admin\",\"createTime\":\"2023-07-03 16:40:24\",\"delFlag\":\"0\",\"dept\":{\"ancestors\":\"0,100\",\"children\":[],\"deptId\":102,\"deptName\":\"心内科\",\"leader\":\"若依\",\"orderNum\":2,\"params\":{},\"parentId\":100,\"status\":\"0\"},\"deptId\":102,\"email\":\"\",\"loginDate\":\"2023-07-04 13:27:53\",\"loginIp\":\"127.0.0.1\",\"nickName\":\"孙思邈\",\"params\":{},\"phonenumber\":\"\",\"postIds\":[2],\"registLevel\":1,\"roleIds\":[101],\"roles\":[{\"admin\":false,\"dataScope\":\"1\",\"deptCheckStrictly\":false,\"flag\":false,\"menuCheckStrictly\":false,\"params\":{},\"roleId\":101,\"roleKey\":\"doctor\",\"roleName\":\"门诊医生\",\"roleSort\":3,\"status\":\"0\"}],\"sex\":\"0\",\"status\":\"0\",\"updateBy\":\"admin\",\"userId\":101,\"userName\":\"sunsimiao\"}','{\"msg\":\"操作成功\",\"code\":200}',0,NULL,'2023-07-04 13:33:24',0),(184,'用户管理',2,'org.jshand.web.controller.system.SysUserController.edit()','PUT',1,'admin',NULL,'/system/user','127.0.0.1','内网IP','{\"admin\":false,\"avatar\":\"\",\"createBy\":\"admin\",\"createTime\":\"2023-07-03 17:00:20\",\"delFlag\":\"0\",\"dept\":{\"ancestors\":\"0,100\",\"children\":[],\"deptId\":102,\"deptName\":\"心内科\",\"leader\":\"若依\",\"orderNum\":2,\"params\":{},\"parentId\":100,\"status\":\"0\"},\"deptId\":102,\"email\":\"\",\"loginDate\":\"2023-07-03 17:00:46\",\"loginIp\":\"127.0.0.1\",\"nickName\":\"华佗\",\"params\":{},\"phonenumber\":\"\",\"postIds\":[],\"registLevel\":2,\"roleIds\":[101],\"roles\":[{\"admin\":false,\"dataScope\":\"1\",\"deptCheckStrictly\":false,\"flag\":false,\"menuCheckStrictly\":false,\"params\":{},\"roleId\":101,\"roleKey\":\"doctor\",\"roleName\":\"门诊医生\",\"roleSort\":3,\"status\":\"0\"}],\"sex\":\"0\",\"status\":\"0\",\"updateBy\":\"admin\",\"userId\":102,\"userName\":\"huatuo\"}','{\"msg\":\"操作成功\",\"code\":200}',0,NULL,'2023-07-04 13:33:28',0),(185,'用户管理',2,'org.jshand.web.controller.system.SysUserController.edit()','PUT',1,'admin',NULL,'/system/user','127.0.0.1','内网IP','{\"admin\":false,\"avatar\":\"\",\"createBy\":\"admin\",\"createTime\":\"2023-07-03 16:09:46\",\"delFlag\":\"0\",\"dept\":{\"ancestors\":\"0,100,101\",\"children\":[],\"deptId\":103,\"deptName\":\"研发部门\",\"leader\":\"若依\",\"orderNum\":1,\"params\":{},\"parentId\":101,\"status\":\"0\"},\"deptId\":103,\"email\":\"\",\"loginDate\":\"2023-07-04 13:27:38\",\"loginIp\":\"127.0.0.1\",\"nickName\":\"扁鹊\",\"params\":{},\"phonenumber\":\"15663630066\",\"postIds\":[3],\"remark\":\"干活的\",\"roleIds\":[100],\"roles\":[{\"admin\":false,\"dataScope\":\"1\",\"deptCheckStrictly\":false,\"flag\":false,\"menuCheckStrictly\":false,\"params\":{},\"roleId\":100,\"roleKey\":\"register\",\"roleName\":\"挂号收费员\",\"roleSort\":3,\"status\":\"0\"}],\"sex\":\"0\",\"status\":\"0\",\"updateBy\":\"admin\",\"userId\":100,\"userName\":\"bianque\"}','{\"msg\":\"操作成功\",\"code\":200}',0,NULL,'2023-07-04 13:33:32',0),(186,'用户管理',2,'org.jshand.web.controller.system.SysUserController.edit()','PUT',1,'admin',NULL,'/system/user','127.0.0.1','内网IP','{\"admin\":false,\"avatar\":\"\",\"createBy\":\"admin\",\"createTime\":\"2023-07-04 13:29:58\",\"delFlag\":\"0\",\"dept\":{\"ancestors\":\"0\",\"children\":[],\"deptId\":100,\"deptName\":\"东软医院\",\"leader\":\"若依\",\"orderNum\":0,\"params\":{},\"parentId\":0,\"status\":\"0\"},\"deptId\":100,\"email\":\"\",\"loginDate\":\"2023-07-04 13:34:04\",\"loginIp\":\"127.0.0.1\",\"nickName\":\"医技医生\",\"params\":{},\"phonenumber\":\"\",\"postIds\":[4],\"registLevel\":1,\"roleIds\":[102],\"roles\":[],\"sex\":\"2\",\"status\":\"0\",\"updateBy\":\"admin\",\"userId\":103,\"userName\":\"yiji\"}','{\"msg\":\"操作成功\",\"code\":200}',0,NULL,'2023-07-04 13:34:43',0),(187,'角色管理',2,'org.jshand.web.controller.system.SysRoleController.edit()','PUT',1,'admin',NULL,'/system/role','127.0.0.1','内网IP','{\"admin\":false,\"createTime\":\"2023-07-03 16:08:40\",\"dataScope\":\"1\",\"delFlag\":\"0\",\"deptCheckStrictly\":true,\"flag\":false,\"menuCheckStrictly\":true,\"menuIds\":[2008,2009,2032,2033,2034],\"params\":{},\"remark\":\"挂号收费员\",\"roleId\":100,\"roleKey\":\"register\",\"roleName\":\"挂号收费员\",\"roleSort\":3,\"status\":\"0\",\"updateBy\":\"admin\"}','{\"msg\":\"操作成功\",\"code\":200}',0,NULL,'2023-07-04 13:44:16',0),(188,'诊疗信息',1,'org.jshand.module.registe.controller.RegisterController.add()','POST',1,'admin',NULL,'/registe/register','127.0.0.1','内网IP','{\"age\":18,\"book\":\"Y\",\"createBy\":\"admin\",\"createTime\":\"2023-07-04 13:50:17.059\",\"deptId\":102,\"doctorId\":101,\"fee\":51,\"gender\":0,\"id\":5,\"name\":\"刘\",\"params\":{},\"regsitLevelId\":1,\"status\":1}','{\"msg\":\"操作成功\",\"code\":200}',0,NULL,'2023-07-04 13:50:17',0),(189,'诊疗信息',1,'org.jshand.module.registe.controller.RegisterController.add()','POST',1,'admin',NULL,'/registe/register','127.0.0.1','内网IP','{\"age\":20,\"book\":\"N\",\"createBy\":\"admin\",\"createTime\":\"2023-07-04 13:50:38.588\",\"deptId\":102,\"doctorId\":102,\"fee\":8,\"gender\":1,\"id\":6,\"name\":\"王\",\"params\":{},\"regsitLevelId\":2,\"status\":1}','{\"msg\":\"操作成功\",\"code\":200}',0,NULL,'2023-07-04 13:50:38',0),(190,'诊疗信息',2,'org.jshand.module.doctor.controller.DoctorController.saveRegister()','PUT',1,'sunsimiao',NULL,'/doctor/saveRegister','127.0.0.1','内网IP','{\"id\":5,\"status\":1}','{\"code\":200,\"data\":true,\"message\":\"操作成功\"}',0,NULL,'2023-07-04 13:52:20',0),(191,'诊疗信息',2,'org.jshand.module.doctor.controller.DoctorController.saveRegister()','PUT',1,'sunsimiao',NULL,'/doctor/saveRegister','127.0.0.1','内网IP','{\"allergy\":\"dfsaddfasdfasdf\",\"disease\":\"f\",\"drug\":\"s\",\"history\":\"s\",\"id\":5,\"present\":\"f\",\"readme\":\"f\",\"status\":2,\"suit\":\"s\"}','{\"code\":200,\"data\":true,\"message\":\"操作成功\"}',0,NULL,'2023-07-04 13:53:43',0),(192,'诊疗信息',2,'org.jshand.module.doctor.controller.DoctorController.saveRegister()','PUT',1,'huatuo',NULL,'/doctor/saveRegister','127.0.0.1','内网IP','{\"id\":6,\"status\":2}','{\"code\":200,\"data\":true,\"message\":\"操作成功\"}',0,NULL,'2023-07-04 13:58:39',0);

/*Table structure for table `sys_post` */

DROP TABLE IF EXISTS `sys_post`;

CREATE TABLE `sys_post` (
  `post_id` bigint NOT NULL AUTO_INCREMENT COMMENT '岗位ID',
  `post_code` varchar(64) NOT NULL COMMENT '岗位编码',
  `post_name` varchar(50) NOT NULL COMMENT '岗位名称',
  `post_sort` int NOT NULL COMMENT '显示顺序',
  `status` char(1) NOT NULL COMMENT '状态（0正常 1停用）',
  `create_by` varchar(64) DEFAULT '' COMMENT '创建者',
  `create_time` datetime DEFAULT NULL COMMENT '创建时间',
  `update_by` varchar(64) DEFAULT '' COMMENT '更新者',
  `update_time` datetime DEFAULT NULL COMMENT '更新时间',
  `remark` varchar(500) DEFAULT NULL COMMENT '备注',
  PRIMARY KEY (`post_id`)
) ENGINE=InnoDB AUTO_INCREMENT=5 DEFAULT CHARSET=utf8mb4 COLLATE=utf8mb4_0900_ai_ci COMMENT='岗位信息表';

/*Data for the table `sys_post` */

insert  into `sys_post`(`post_id`,`post_code`,`post_name`,`post_sort`,`status`,`create_by`,`create_time`,`update_by`,`update_time`,`remark`) values (1,'ceo','董事长',1,'0','admin','2023-07-03 15:00:31','',NULL,''),(2,'se','项目经理',2,'0','admin','2023-07-03 15:00:31','',NULL,''),(3,'hr','人力资源',3,'0','admin','2023-07-03 15:00:31','',NULL,''),(4,'user','普通员工',4,'0','admin','2023-07-03 15:00:31','',NULL,'');

/*Table structure for table `sys_role` */

DROP TABLE IF EXISTS `sys_role`;

CREATE TABLE `sys_role` (
  `role_id` bigint NOT NULL AUTO_INCREMENT COMMENT '角色ID',
  `role_name` varchar(30) NOT NULL COMMENT '角色名称',
  `role_key` varchar(100) NOT NULL COMMENT '角色权限字符串',
  `role_sort` int NOT NULL COMMENT '显示顺序',
  `data_scope` char(1) DEFAULT '1' COMMENT '数据范围（1：全部数据权限 2：自定数据权限 3：本部门数据权限 4：本部门及以下数据权限）',
  `menu_check_strictly` tinyint(1) DEFAULT '1' COMMENT '菜单树选择项是否关联显示',
  `dept_check_strictly` tinyint(1) DEFAULT '1' COMMENT '部门树选择项是否关联显示',
  `status` char(1) NOT NULL COMMENT '角色状态（0正常 1停用）',
  `del_flag` char(1) DEFAULT '0' COMMENT '删除标志（0代表存在 2代表删除）',
  `create_by` varchar(64) DEFAULT '' COMMENT '创建者',
  `create_time` datetime DEFAULT NULL COMMENT '创建时间',
  `update_by` varchar(64) DEFAULT '' COMMENT '更新者',
  `update_time` datetime DEFAULT NULL COMMENT '更新时间',
  `remark` varchar(500) DEFAULT NULL COMMENT '备注',
  PRIMARY KEY (`role_id`)
) ENGINE=InnoDB AUTO_INCREMENT=103 DEFAULT CHARSET=utf8mb4 COLLATE=utf8mb4_0900_ai_ci COMMENT='角色信息表';

/*Data for the table `sys_role` */

insert  into `sys_role`(`role_id`,`role_name`,`role_key`,`role_sort`,`data_scope`,`menu_check_strictly`,`dept_check_strictly`,`status`,`del_flag`,`create_by`,`create_time`,`update_by`,`update_time`,`remark`) values (1,'超级管理员','admin',1,'1',1,1,'0','0','admin','2023-07-03 15:00:33','',NULL,'超级管理员'),(2,'普通角色','common',2,'2',1,1,'0','0','admin','2023-07-03 15:00:33','',NULL,'普通角色'),(100,'挂号收费员','register',3,'1',1,1,'0','0','admin','2023-07-03 16:08:40','admin','2023-07-04 13:44:16','挂号收费员'),(101,'门诊医生','doctor',3,'1',1,1,'0','0','admin','2023-07-03 16:39:41','admin','2023-07-04 10:17:45','写病案的'),(102,'医技医生','medical_technology',5,'1',1,1,'0','0','admin','2023-07-04 13:32:48','',NULL,NULL);

/*Table structure for table `sys_role_dept` */

DROP TABLE IF EXISTS `sys_role_dept`;

CREATE TABLE `sys_role_dept` (
  `role_id` bigint NOT NULL COMMENT '角色ID',
  `dept_id` bigint NOT NULL COMMENT '部门ID',
  PRIMARY KEY (`role_id`,`dept_id`)
) ENGINE=InnoDB DEFAULT CHARSET=utf8mb4 COLLATE=utf8mb4_0900_ai_ci COMMENT='角色和部门关联表';

/*Data for the table `sys_role_dept` */

insert  into `sys_role_dept`(`role_id`,`dept_id`) values (2,100),(2,101),(2,105);

/*Table structure for table `sys_role_menu` */

DROP TABLE IF EXISTS `sys_role_menu`;

CREATE TABLE `sys_role_menu` (
  `role_id` bigint NOT NULL COMMENT '角色ID',
  `menu_id` bigint NOT NULL COMMENT '菜单ID',
  PRIMARY KEY (`role_id`,`menu_id`)
) ENGINE=InnoDB DEFAULT CHARSET=utf8mb4 COLLATE=utf8mb4_0900_ai_ci COMMENT='角色和菜单关联表';

/*Data for the table `sys_role_menu` */

insert  into `sys_role_menu`(`role_id`,`menu_id`) values (2,1),(2,2),(2,3),(2,4),(2,100),(2,101),(2,102),(2,103),(2,104),(2,105),(2,106),(2,107),(2,108),(2,109),(2,110),(2,111),(2,112),(2,113),(2,114),(2,115),(2,116),(2,117),(2,500),(2,501),(2,1000),(2,1001),(2,1002),(2,1003),(2,1004),(2,1005),(2,1006),(2,1007),(2,1008),(2,1009),(2,1010),(2,1011),(2,1012),(2,1013),(2,1014),(2,1015),(2,1016),(2,1017),(2,1018),(2,1019),(2,1020),(2,1021),(2,1022),(2,1023),(2,1024),(2,1025),(2,1026),(2,1027),(2,1028),(2,1029),(2,1030),(2,1031),(2,1032),(2,1033),(2,1034),(2,1035),(2,1036),(2,1037),(2,1038),(2,1039),(2,1040),(2,1041),(2,1042),(2,1043),(2,1044),(2,1045),(2,1046),(2,1047),(2,1048),(2,1049),(2,1050),(2,1051),(2,1052),(2,1053),(2,1054),(2,1055),(2,1056),(2,1057),(2,1058),(2,1059),(2,1060),(100,2008),(100,2009),(100,2032),(100,2033),(100,2034),(101,2010),(101,2011),(101,2025),(102,2024),(102,2035),(102,2036),(102,2037);

/*Table structure for table `sys_user` */

DROP TABLE IF EXISTS `sys_user`;

CREATE TABLE `sys_user` (
  `user_id` bigint NOT NULL AUTO_INCREMENT COMMENT '用户ID',
  `dept_id` bigint DEFAULT NULL COMMENT '部门ID',
  `user_name` varchar(30) NOT NULL COMMENT '用户账号',
  `nick_name` varchar(30) NOT NULL COMMENT '用户昵称',
  `user_type` varchar(2) DEFAULT '00' COMMENT '用户类型（00系统用户）',
  `email` varchar(50) DEFAULT '' COMMENT '用户邮箱',
  `phonenumber` varchar(11) DEFAULT '' COMMENT '手机号码',
  `sex` char(1) DEFAULT '0' COMMENT '用户性别（0男 1女 2未知）',
  `avatar` varchar(100) DEFAULT '' COMMENT '头像地址',
  `password` varchar(100) DEFAULT '' COMMENT '密码',
  `status` char(1) DEFAULT '0' COMMENT '帐号状态（0正常 1停用）',
  `del_flag` char(1) DEFAULT '0' COMMENT '删除标志（0代表存在 2代表删除）',
  `login_ip` varchar(128) DEFAULT '' COMMENT '最后登录IP',
  `login_date` datetime DEFAULT NULL COMMENT '最后登录时间',
  `create_by` varchar(64) DEFAULT '' COMMENT '创建者',
  `create_time` datetime DEFAULT NULL COMMENT '创建时间',
  `update_by` varchar(64) DEFAULT '' COMMENT '更新者',
  `update_time` datetime DEFAULT NULL COMMENT '更新时间',
  `remark` varchar(500) DEFAULT NULL COMMENT '备注',
  `regist_level` int DEFAULT NULL COMMENT '挂号级别',
  PRIMARY KEY (`user_id`),
  KEY `regist_level` (`regist_level`),
  CONSTRAINT `sys_user_ibfk_1` FOREIGN KEY (`regist_level`) REFERENCES `registlevel` (`ID`)
) ENGINE=InnoDB AUTO_INCREMENT=104 DEFAULT CHARSET=utf8mb4 COLLATE=utf8mb4_0900_ai_ci COMMENT='用户信息表';

/*Data for the table `sys_user` */

insert  into `sys_user`(`user_id`,`dept_id`,`user_name`,`nick_name`,`user_type`,`email`,`phonenumber`,`sex`,`avatar`,`password`,`status`,`del_flag`,`login_ip`,`login_date`,`create_by`,`create_time`,`update_by`,`update_time`,`remark`,`regist_level`) values (1,103,'admin','若依','00','ry@163.com','15888888888','1','','$2a$10$7JB720yubVSZvUI0rEqK/.VqGOZTH.ulu33dHOiBE8ByOhJIrdAu2','0','0','127.0.0.1','2023-07-04 14:04:13','admin','2023-07-03 15:00:29','','2023-07-04 14:04:13','管理员',NULL),(2,105,'ry','若依','00','ry@qq.com','15666666666','1','','$2a$10$7JB720yubVSZvUI0rEqK/.VqGOZTH.ulu33dHOiBE8ByOhJIrdAu2','0','0','127.0.0.1','2023-07-03 15:00:29','admin','2023-07-03 15:00:29','',NULL,'测试员',NULL),(100,103,'bianque','扁鹊','00','','15663630066','0','','$2a$10$AGpS8rHa2Lrbn7c/3ZrkGu26vI6.i607dbf//bDvJYIkneX4RW9Cu','0','0','127.0.0.1','2023-07-04 14:00:49','admin','2023-07-03 16:09:46','admin','2023-07-04 14:00:48','干活的',NULL),(101,102,'sunsimiao','孙思邈','00','','','0','','$2a$10$YcFEGhr61t.cX1K7.FbFhO7gynS2tL7LXc88CkfuY14m/7rJf7k0a','0','0','127.0.0.1','2023-07-04 13:53:32','admin','2023-07-03 16:40:24','admin','2023-07-04 13:53:31',NULL,1),(102,102,'huatuo','华佗','00','','','0','','$2a$10$8M8fw72pP9RecvXL5EaneOfDxgfKXOgTxBSgTrvpllES.0EdkuwSC','0','0','127.0.0.1','2023-07-04 13:58:28','admin','2023-07-03 17:00:20','admin','2023-07-04 13:58:28',NULL,2),(103,100,'yiji','医技医生','00','','','2','','$2a$10$pzBrN9lZoikObz.U824BQOXOPeXXHt9G/8HLy9aotzXgXDnSse2eC','0','0','127.0.0.1','2023-07-04 13:59:33','admin','2023-07-04 13:29:58','admin','2023-07-04 13:59:33',NULL,1);

/*Table structure for table `sys_user_post` */

DROP TABLE IF EXISTS `sys_user_post`;

CREATE TABLE `sys_user_post` (
  `user_id` bigint NOT NULL COMMENT '用户ID',
  `post_id` bigint NOT NULL COMMENT '岗位ID',
  PRIMARY KEY (`user_id`,`post_id`)
) ENGINE=InnoDB DEFAULT CHARSET=utf8mb4 COLLATE=utf8mb4_0900_ai_ci COMMENT='用户与岗位关联表';

/*Data for the table `sys_user_post` */

insert  into `sys_user_post`(`user_id`,`post_id`) values (1,1),(2,2),(100,3),(101,2),(103,4);

/*Table structure for table `sys_user_role` */

DROP TABLE IF EXISTS `sys_user_role`;

CREATE TABLE `sys_user_role` (
  `user_id` bigint NOT NULL COMMENT '用户ID',
  `role_id` bigint NOT NULL COMMENT '角色ID',
  PRIMARY KEY (`user_id`,`role_id`)
) ENGINE=InnoDB DEFAULT CHARSET=utf8mb4 COLLATE=utf8mb4_0900_ai_ci COMMENT='用户和角色关联表';

/*Data for the table `sys_user_role` */

insert  into `sys_user_role`(`user_id`,`role_id`) values (1,1),(2,2),(100,100),(101,101),(102,101),(103,102);

/*!40101 SET SQL_MODE=@OLD_SQL_MODE */;
/*!40014 SET FOREIGN_KEY_CHECKS=@OLD_FOREIGN_KEY_CHECKS */;
/*!40014 SET UNIQUE_CHECKS=@OLD_UNIQUE_CHECKS */;
/*!40111 SET SQL_NOTES=@OLD_SQL_NOTES */;
